{"type": "FeatureCollection", "properties": {"thresholdKm2": 0.2, "source": "DEM-derived (Copernicus GLO-30, D8)", "bbox": [124.87597222222225, 11.785416666666668, 124.96319444444444, 11.851805555555556]}, "features": [{"type": "Feature", "properties": {"strahler": 1, "upstreamAreaKm2": 0.747, "inCatchment": false}, "geometry": {"type": "LineString", "coordinates": [[124.958889, 11.853333], [124.958889, 11.853056], [124.958889, 11.852778], [124.959167, 11.8525], [124.958889, 11.852222], [124.958889, 11.851944], [124.958611, 11.851667], [124.958611, 11.851389], [124.958333, 11.851389], [124.958056, 11.851111], [124.957778, 11.851111], [124.9575, 11.851111], [124.957222, 11.850833], [124.957222, 11.850556], [124.957222, 11.850278], [124.957222, 11.85], [124.957222, 11.849722], [124.9575, 11.849444], [124.957778, 11.849167], [124.958056, 11.848889], [124.958333, 11.848611], [124.958611, 11.848333], [124.958889, 11.848056], [124.959167, 11.847778], [124.959444, 11.8475], [124.959722, 11.847222]]}}, {"type": "Feature", "properties": {"strahler": 1, "upstreamAreaKm2": 0.371, "inCatchment": false}, "geometry": {"type": "LineString", "coordinates": [[124.912222, 11.852778], [124.911944, 11.8525], [124.911667, 11.852222], [124.911389, 11.851944], [124.911111, 11.851944], [124.911111, 11.851667], [124.910833, 11.851389], [124.910556, 11.851111], [124.910278, 11.851111], [124.91, 11.851111], [124.909722, 11.851111], [124.909444, 11.851111]]}}, {"type": "Feature", "properties": {"strahler": 2, "upstreamAreaKm2": 6.131, "inCatchment": false}, "geometry": {"type": "LineString", "coordinates": [[124.909444, 11.851111], [124.909167, 11.851389], [124.908889, 11.851389], [124.908611, 11.851389], [124.908333, 11.851389], [124.908056, 11.851389], [124.907778, 11.851389], [124.9075, 11.851389], [124.907222, 11.851389], [124.906944, 11.851667], [124.906667, 11.851944], [124.906667, 11.852222], [124.906389, 11.8525], [124.906111, 11.852778], [124.906111, 11.853056], [124.906111, 11.853333], [124.906111, 11.853611], [124.906111, 11.853889], [124.906111, 11.854167], [124.905833, 11.854444], [124.905833, 11.854722], [124.905556, 11.855], [124.905278, 11.855278], [124.905, 11.855278], [124.904722, 11.855556], [124.904444, 11.855556], [124.904167, 11.855556], [124.903889, 11.855556], [124.903611, 11.855556], [124.903333, 11.855556], [124.903056, 11.855833]]}}, {"type": "Feature", "properties": {"strahler": 1, "upstreamAreaKm2": 0.551, "inCatchment": false}, "geometry": {"type": "LineString", "coordinates": [[124.885278, 11.850278], [124.885, 11.850556], [124.885, 11.850833], [124.884722, 11.851111], [124.884722, 11.851389], [124.884722, 11.851667], [124.884722, 11.851944], [124.884722, 11.852222], [124.884444, 11.8525], [124.884444, 11.852778], [124.884167, 11.853056], [124.884167, 11.853333], [124.883889, 11.853611], [124.883889, 11.853889], [124.883611, 11.854167], [124.883611, 11.854444], [124.883333, 11.854722], [124.883056, 11.855], [124.882778, 11.855278], [124.8825, 11.855556], [124.882222, 11.855556], [124.881944, 11.855833], [124.881667, 11.855833], [124.881389, 11.856111], [124.881111, 11.856389]]}}, {"type": "Feature", "properties": {"strahler": 1, "upstreamAreaKm2": 0.302, "inCatchment": false}, "geometry": {"type": "LineString", "coordinates": [[124.961667, 11.85], [124.961389, 11.849722], [124.961111, 11.849444], [124.960833, 11.849167], [124.960556, 11.848889], [124.960556, 11.848611], [124.960556, 11.848333], [124.960556, 11.848056], [124.960556, 11.847778], [124.960556, 11.8475], [124.960556, 11.847222], [124.960556, 11.846944], [124.960556, 11.846667], [124.960556, 11.846389]]}}, {"type": "Feature", "properties": {"strahler": 3, "upstreamAreaKm2": 17.19, "inCatchment": false}, "geometry": {"type": "LineString", "coordinates": [[124.894444, 11.849444], [124.894167, 11.849722], [124.893889, 11.85], [124.893611, 11.850278], [124.893611, 11.850556], [124.893333, 11.850833], [124.893333, 11.851111], [124.893056, 11.851389], [124.892778, 11.851667], [124.8925, 11.851944], [124.892222, 11.852222], [124.891944, 11.8525], [124.891667, 11.852778], [124.891389, 11.853056], [124.891111, 11.853333], [124.890833, 11.853611], [124.890556, 11.853889], [124.890278, 11.854167], [124.89, 11.854444], [124.889722, 11.854722], [124.889444, 11.855], [124.889167, 11.855278], [124.889167, 11.855556], [124.889167, 11.855833], [124.889167, 11.856111], [124.889167, 11.856389], [124.889167, 11.856667], [124.889167, 11.856944], [124.889167, 11.857222], [124.889167, 11.8575], [124.889167, 11.857778], [124.888889, 11.858056], [124.888611, 11.858333], [124.888611, 11.858611], [124.888611, 11.858889], [124.888333, 11.859167], [124.888333, 11.859444], [124.888333, 11.859722], [124.888056, 11.86], [124.887778, 11.860278], [124.8875, 11.860556], [124.887222, 11.860833], [124.886944, 11.861111], [124.886667, 11.861389], [124.886389, 11.861667], [124.886389, 11.861944], [124.886389, 11.862222], [124.886389, 11.8625], [124.886389, 11.862778], [124.886389, 11.863056], [124.886667, 11.863333], [124.886667, 11.863611], [124.886389, 11.863889], [124.886389, 11.864167], [124.886111, 11.864444], [124.886111, 11.864722], [124.886389, 11.865]]}}, {"type": "Feature", "properties": {"strahler": 1, "upstreamAreaKm2": 0.702, "inCatchment": false}, "geometry": {"type": "LineString", "coordinates": [[124.915, 11.849444], [124.914722, 11.849167], [124.914444, 11.848889], [124.914167, 11.848611], [124.914167, 11.848333], [124.913889, 11.848056], [124.913611, 11.847778], [124.913611, 11.8475], [124.913333, 11.847222], [124.913333, 11.846944], [124.913056, 11.846667], [124.912778, 11.846389], [124.9125, 11.846111], [124.912222, 11.846111], [124.911944, 11.846111], [124.911667, 11.846111], [124.911389, 11.846111], [124.911111, 11.846111], [124.910833, 11.846111], [124.910556, 11.846389], [124.910278, 11.846667]]}}, {"type": "Feature", "properties": {"strahler": 2, "upstreamAreaKm2": 5.359, "inCatchment": false}, "geometry": {"type": "LineString", "coordinates": [[124.908611, 11.849167], [124.908611, 11.849444], [124.908611, 11.849722], [124.908611, 11.85], [124.908889, 11.850278], [124.908889, 11.850556], [124.909167, 11.850833], [124.909444, 11.851111]]}}, {"type": "Feature", "properties": {"strahler": 2, "upstreamAreaKm2": 6.722, "inCatchment": false}, "geometry": {"type": "LineString", "coordinates": [[124.932222, 11.848333], [124.931944, 11.848611], [124.931667, 11.848889], [124.931389, 11.849167], [124.931111, 11.849444], [124.930833, 11.849722], [124.930556, 11.85], [124.930556, 11.850278], [124.930556, 11.850556], [124.930556, 11.850833], [124.930278, 11.851111], [124.930278, 11.851389], [124.930278, 11.851667], [124.93, 11.851944], [124.929722, 11.852222], [124.929722, 11.8525], [124.929722, 11.852778], [124.93, 11.852778], [124.93, 11.853056], [124.93, 11.853333], [124.929722, 11.853611], [124.929444, 11.853889], [124.929444, 11.854167], [124.929167, 11.854444], [124.929167, 11.854722], [124.928889, 11.855], [124.929167, 11.855278], [124.929444, 11.855278], [124.929444, 11.855556], [124.929444, 11.855833], [124.929167, 11.856111], [124.928889, 11.856389], [124.928611, 11.856667], [124.928333, 11.856944], [124.928333, 11.857222], [124.928333, 11.8575], [124.928333, 11.857778], [124.928333, 11.858056], [124.928333, 11.858333], [124.928056, 11.858611]]}}, {"type": "Feature", "properties": {"strahler": 1, "upstreamAreaKm2": 0.245, "inCatchment": false}, "geometry": {"type": "LineString", "coordinates": [[124.907778, 11.848056], [124.908056, 11.848333], [124.908333, 11.848611], [124.908333, 11.848889], [124.908611, 11.849167]]}}, {"type": "Feature", "properties": {"strahler": 1, "upstreamAreaKm2": 0.765, "inCatchment": false}, "geometry": {"type": "LineString", "coordinates": [[124.942778, 11.8475], [124.9425, 11.847778], [124.942222, 11.848056], [124.941944, 11.848056], [124.941667, 11.848056], [124.941389, 11.848056], [124.941111, 11.848056], [124.940833, 11.848056], [124.940556, 11.848056], [124.940278, 11.847778], [124.94, 11.8475], [124.939722, 11.847222], [124.939444, 11.846944], [124.939167, 11.846667], [124.938889, 11.846389], [124.938611, 11.846111], [124.938333, 11.846111], [124.938056, 11.846111], [124.937778, 11.846111], [124.9375, 11.846111], [124.937222, 11.846111], [124.936944, 11.846111], [124.936667, 11.846111], [124.936389, 11.846111], [124.936111, 11.846111], [124.935833, 11.846111], [124.935556, 11.846111], [124.935278, 11.846111], [124.935, 11.846111], [124.934722, 11.846111], [124.934444, 11.846111]]}}, {"type": "Feature", "properties": {"strahler": 1, "upstreamAreaKm2": 0.365, "inCatchment": false}, "geometry": {"type": "LineString", "coordinates": [[124.956111, 11.8475], [124.956389, 11.847222], [124.956667, 11.847222], [124.956944, 11.847222], [124.957222, 11.847222], [124.9575, 11.847222], [124.957778, 11.847222], [124.958056, 11.847222], [124.958333, 11.847222], [124.958611, 11.847222], [124.958889, 11.847222], [124.959167, 11.847222], [124.959444, 11.847222], [124.959722, 11.847222]]}}, {"type": "Feature", "properties": {"strahler": 2, "upstreamAreaKm2": 1.207, "inCatchment": false}, "geometry": {"type": "LineString", "coordinates": [[124.959722, 11.847222], [124.96, 11.846944], [124.960278, 11.846667], [124.960556, 11.846389]]}}, {"type": "Feature", "properties": {"strahler": 2, "upstreamAreaKm2": 5.072, "inCatchment": false}, "geometry": {"type": "LineString", "coordinates": [[124.910278, 11.846667], [124.91, 11.846944], [124.909722, 11.847222], [124.909444, 11.8475], [124.909444, 11.847778], [124.909167, 11.848056], [124.908889, 11.848333], [124.908611, 11.848611], [124.908611, 11.848889], [124.908611, 11.849167]]}}, {"type": "Feature", "properties": {"strahler": 2, "upstreamAreaKm2": 5.146, "inCatchment": false}, "geometry": {"type": "LineString", "coordinates": [[124.933889, 11.846667], [124.933611, 11.846944], [124.933333, 11.847222], [124.933056, 11.8475], [124.932778, 11.847778], [124.9325, 11.848056], [124.932222, 11.848333]]}}, {"type": "Feature", "properties": {"strahler": 2, "upstreamAreaKm2": 1.221, "inCatchment": false}, "geometry": {"type": "LineString", "coordinates": [[124.880556, 11.846389], [124.880556, 11.846667], [124.880556, 11.846944], [124.880833, 11.847222], [124.880833, 11.8475], [124.880833, 11.847778], [124.880833, 11.848056], [124.880833, 11.848333], [124.880833, 11.848611], [124.881111, 11.848889], [124.881111, 11.849167], [124.881111, 11.849444], [124.881111, 11.849722], [124.881111, 11.85], [124.881389, 11.850278], [124.881389, 11.850556], [124.881111, 11.850833], [124.881111, 11.851111], [124.881111, 11.851389], [124.881111, 11.851667], [124.881111, 11.851944], [124.881111, 11.852222], [124.881111, 11.8525], [124.881111, 11.852778], [124.881111, 11.853056], [124.881111, 11.853333], [124.881111, 11.853611], [124.881111, 11.853889], [124.881111, 11.854167], [124.881111, 11.854444], [124.881111, 11.854722], [124.881111, 11.855], [124.881111, 11.855278], [124.881111, 11.855556], [124.881111, 11.855833], [124.881111, 11.856111], [124.881111, 11.856389]]}}, {"type": "Feature", "properties": {"strahler": 2, "upstreamAreaKm2": 1.711, "inCatchment": false}, "geometry": {"type": "LineString", "coordinates": [[124.960556, 11.846389], [124.960833, 11.846111], [124.961111, 11.845833], [124.961389, 11.845556], [124.961667, 11.845278], [124.961944, 11.845], [124.962222, 11.844722], [124.9625, 11.844444]]}}, {"type": "Feature", "properties": {"strahler": 2, "upstreamAreaKm2": 4.597, "inCatchment": false}, "geometry": {"type": "LineString", "coordinates": [[124.934444, 11.846111], [124.934167, 11.846389], [124.933889, 11.846667]]}}, {"type": "Feature", "properties": {"strahler": 1, "upstreamAreaKm2": 1.131, "inCatchment": false}, "geometry": {"type": "LineString", "coordinates": [[124.924167, 11.845556], [124.924167, 11.845833], [124.923889, 11.845833], [124.923611, 11.846111], [124.923333, 11.846389], [124.923333, 11.846667], [124.923056, 11.846944], [124.922778, 11.847222], [124.9225, 11.847222], [124.9225, 11.8475], [124.9225, 11.847778], [124.9225, 11.848056], [124.9225, 11.848333], [124.922222, 11.848611], [124.921944, 11.848889], [124.921944, 11.849167], [124.921944, 11.849444], [124.922222, 11.849722], [124.922222, 11.85], [124.922222, 11.850278], [124.922222, 11.850556], [124.9225, 11.850833], [124.922778, 11.851111], [124.922778, 11.851389], [124.923056, 11.851667], [124.923333, 11.851667], [124.923611, 11.851667], [124.923889, 11.851667], [124.924167, 11.851944], [124.924444, 11.852222], [124.924722, 11.8525], [124.925, 11.852778], [124.925278, 11.852778], [124.925556, 11.853056], [124.925556, 11.853333], [124.925833, 11.853611], [124.925833, 11.853889], [124.925833, 11.854167], [124.925833, 11.854444], [124.925833, 11.854722], [124.925833, 11.855], [124.925833, 11.855278], [124.926111, 11.855556], [124.926111, 11.855833], [124.926111, 11.856111], [124.926389, 11.856389], [124.926667, 11.856667], [124.926944, 11.856944], [124.927222, 11.856944], [124.9275, 11.856944], [124.927778, 11.856944], [124.927778, 11.857222], [124.928056, 11.8575], [124.928056, 11.857778], [124.928056, 11.858056], [124.928056, 11.858333], [124.928056, 11.858611]]}}, {"type": "Feature", "properties": {"strahler": 1, "upstreamAreaKm2": 0.25, "inCatchment": false}, "geometry": {"type": "LineString", "coordinates": [[124.881667, 11.845278], [124.881389, 11.845556], [124.881111, 11.845556], [124.880833, 11.845833], [124.880556, 11.845833], [124.880556, 11.846111], [124.880556, 11.846389]]}}, {"type": "Feature", "properties": {"strahler": 1, "upstreamAreaKm2": 0.511, "inCatchment": false}, "geometry": {"type": "LineString", "coordinates": [[124.891944, 11.845278], [124.892222, 11.845278], [124.8925, 11.845556], [124.892778, 11.845833], [124.893056, 11.846111], [124.893333, 11.846111], [124.893611, 11.846389], [124.893611, 11.846667], [124.893889, 11.846667], [124.893889, 11.846944], [124.894167, 11.847222], [124.894167, 11.8475], [124.894167, 11.847778], [124.894167, 11.848056], [124.894444, 11.848333], [124.894444, 11.848611], [124.894444, 11.848889], [124.894444, 11.849167], [124.894444, 11.849444]]}}, {"type": "Feature", "properties": {"strahler": 3, "upstreamAreaKm2": 14.873, "inCatchment": false}, "geometry": {"type": "LineString", "coordinates": [[124.900278, 11.845], [124.9, 11.845278], [124.899722, 11.845278], [124.899722, 11.845556], [124.899444, 11.845833], [124.899444, 11.846111], [124.899444, 11.846389], [124.899167, 11.846667], [124.899167, 11.846944], [124.899167, 11.847222], [124.898889, 11.8475], [124.898611, 11.847778], [124.898333, 11.848056], [124.898333, 11.848333], [124.898056, 11.848611], [124.897778, 11.848889], [124.8975, 11.848889], [124.897222, 11.848889], [124.896944, 11.848889], [124.896667, 11.848889], [124.896389, 11.849167], [124.896111, 11.849167], [124.895833, 11.849167], [124.895556, 11.849167], [124.895278, 11.849167], [124.895, 11.849167], [124.894722, 11.849167], [124.894444, 11.849444]]}}, {"type": "Feature", "properties": {"strahler": 1, "upstreamAreaKm2": 0.664, "inCatchment": false}, "geometry": {"type": "LineString", "coordinates": [[124.916389, 11.844444], [124.916111, 11.844444], [124.915833, 11.844167], [124.915556, 11.844167], [124.915278, 11.844167], [124.915, 11.844167], [124.914722, 11.843889], [124.914444, 11.843611], [124.914167, 11.843611], [124.913889, 11.843611], [124.913611, 11.843333], [124.913333, 11.843056], [124.913333, 11.842778], [124.913056, 11.842778]]}}, {"type": "Feature", "properties": {"strahler": 2, "upstreamAreaKm2": 2.101, "inCatchment": false}, "geometry": {"type": "LineString", "coordinates": [[124.9625, 11.844444], [124.962778, 11.844167], [124.963056, 11.843889], [124.963333, 11.843611], [124.963611, 11.843611], [124.963889, 11.843611], [124.964167, 11.843611], [124.964444, 11.843611], [124.964722, 11.843611], [124.965, 11.843611], [124.965278, 11.843333], [124.965556, 11.843333], [124.965833, 11.843611], [124.966111, 11.843611], [124.966389, 11.843611], [124.966667, 11.843611], [124.966944, 11.843611], [124.967222, 11.843611], [124.9675, 11.843611], [124.967778, 11.843611], [124.968056, 11.843611]]}}, {"type": "Feature", "properties": {"strahler": 1, "upstreamAreaKm2": 0.409, "inCatchment": false}, "geometry": {"type": "LineString", "coordinates": [[124.878611, 11.844167], [124.878889, 11.844167], [124.879167, 11.844444], [124.879444, 11.844722], [124.879722, 11.845], [124.88, 11.845278], [124.880278, 11.845556], [124.880278, 11.845833], [124.880278, 11.846111], [124.880556, 11.846389]]}}, {"type": "Feature", "properties": {"strahler": 1, "upstreamAreaKm2": 0.666, "inCatchment": false}, "geometry": {"type": "LineString", "coordinates": [[124.948889, 11.844167], [124.948611, 11.843889], [124.948333, 11.843611], [124.948333, 11.843333], [124.948333, 11.843056], [124.948333, 11.842778], [124.948333, 11.8425], [124.948056, 11.842222], [124.947778, 11.841944], [124.947778, 11.841667], [124.9475, 11.841389], [124.947222, 11.841111], [124.946944, 11.841111], [124.946667, 11.841111], [124.946389, 11.841111], [124.946111, 11.841111], [124.945833, 11.841111], [124.945556, 11.841111], [124.945278, 11.841111], [124.945, 11.841389], [124.944722, 11.841667], [124.944444, 11.841944], [124.944167, 11.841944], [124.943889, 11.841667], [124.943611, 11.841389], [124.943333, 11.841111], [124.943056, 11.840833], [124.943056, 11.840556], [124.942778, 11.840278], [124.942778, 11.84], [124.942778, 11.839722], [124.9425, 11.839444], [124.9425, 11.839167], [124.9425, 11.838889], [124.942222, 11.838611], [124.942222, 11.838333], [124.942222, 11.838056], [124.941944, 11.837778], [124.941667, 11.8375], [124.941389, 11.837222], [124.941389, 11.836944], [124.941111, 11.836667]]}}, {"type": "Feature", "properties": {"strahler": 1, "upstreamAreaKm2": 0.256, "inCatchment": false}, "geometry": {"type": "LineString", "coordinates": [[124.959444, 11.844167], [124.959722, 11.844167], [124.96, 11.844167], [124.960278, 11.844167], [124.960556, 11.844167], [124.960833, 11.844167], [124.961111, 11.844167], [124.961389, 11.844167], [124.961667, 11.844444], [124.961944, 11.844444], [124.962222, 11.844444], [124.9625, 11.844444]]}}, {"type": "Feature", "properties": {"strahler": 2, "upstreamAreaKm2": 4.079, "inCatchment": false}, "geometry": {"type": "LineString", "coordinates": [[124.913056, 11.842778], [124.912778, 11.843056], [124.9125, 11.843056], [124.912222, 11.843056], [124.911944, 11.843333], [124.911667, 11.843333], [124.911389, 11.843611], [124.911111, 11.843611], [124.910833, 11.843889], [124.910833, 11.844167], [124.910556, 11.844444], [124.910556, 11.844722], [124.910278, 11.845], [124.910278, 11.845278], [124.910278, 11.845556], [124.910278, 11.845833], [124.910278, 11.846111], [124.910278, 11.846389], [124.910278, 11.846667]]}}, {"type": "Feature", "properties": {"strahler": 3, "upstreamAreaKm2": 13.569, "inCatchment": false}, "geometry": {"type": "LineString", "coordinates": [[124.895278, 11.840556], [124.895556, 11.840833], [124.895833, 11.841111], [124.896111, 11.841389], [124.896389, 11.841667], [124.896667, 11.841944], [124.896944, 11.841944], [124.897222, 11.841944], [124.8975, 11.841944], [124.897778, 11.842222], [124.898056, 11.8425], [124.898333, 11.8425], [124.898611, 11.842778], [124.898889, 11.842778], [124.899167, 11.843056], [124.899167, 11.843333], [124.899444, 11.843611], [124.899722, 11.843889], [124.9, 11.844167], [124.9, 11.844444], [124.900278, 11.844722], [124.900278, 11.845]]}}, {"type": "Feature", "properties": {"strahler": 1, "upstreamAreaKm2": 0.726, "inCatchment": false}, "geometry": {"type": "LineString", "coordinates": [[124.905, 11.840556], [124.905, 11.840833], [124.905, 11.841111], [124.904722, 11.841389], [124.904444, 11.841667], [124.904167, 11.841944], [124.904167, 11.842222], [124.903889, 11.842222], [124.903611, 11.842222], [124.903333, 11.842222], [124.903056, 11.8425], [124.902778, 11.8425], [124.9025, 11.842778], [124.902222, 11.842778], [124.901944, 11.843056], [124.901667, 11.843333], [124.901389, 11.843611], [124.901111, 11.843889], [124.901111, 11.844167], [124.900833, 11.844444], [124.900556, 11.844722], [124.900278, 11.845]]}}, {"type": "Feature", "properties": {"strahler": 1, "upstreamAreaKm2": 1.68, "inCatchment": false}, "geometry": {"type": "LineString", "coordinates": [[124.952778, 11.840556], [124.9525, 11.840278], [124.952222, 11.840278], [124.951944, 11.840278], [124.951667, 11.840278], [124.951389, 11.840278], [124.951111, 11.84], [124.950833, 11.839722], [124.950556, 11.839444], [124.950278, 11.839167], [124.95, 11.838889], [124.949722, 11.838611], [124.949444, 11.838333], [124.949167, 11.838056], [124.949167, 11.837778], [124.949444, 11.8375], [124.949722, 11.8375], [124.95, 11.8375], [124.950278, 11.8375], [124.950556, 11.837222], [124.950833, 11.837222], [124.951111, 11.837222], [124.951389, 11.837222], [124.951667, 11.837222], [124.951944, 11.837222], [124.952222, 11.837222], [124.9525, 11.837222], [124.952778, 11.8375], [124.953056, 11.8375], [124.953333, 11.8375], [124.953611, 11.8375], [124.953889, 11.8375], [124.954167, 11.8375], [124.954444, 11.8375], [124.954722, 11.8375], [124.955, 11.837222], [124.955278, 11.836944], [124.955556, 11.836667], [124.955833, 11.836667], [124.956111, 11.836667], [124.956389, 11.836667], [124.956667, 11.836667], [124.956944, 11.836667], [124.957222, 11.836389], [124.9575, 11.836111], [124.957778, 11.835833], [124.958056, 11.835556], [124.958333, 11.835278], [124.958611, 11.835278], [124.958889, 11.835278], [124.959167, 11.835278], [124.959444, 11.835556], [124.959722, 11.835556], [124.96, 11.835556], [124.960278, 11.835556], [124.960556, 11.835556], [124.960833, 11.835556], [124.961111, 11.835556], [124.961389, 11.835833], [124.961667, 11.835833], [124.961944, 11.835833], [124.962222, 11.835833], [124.9625, 11.835833], [124.962778, 11.835833], [124.963056, 11.835833], [124.963333, 11.835833], [124.963611, 11.835833], [124.963889, 11.835556], [124.964167, 11.835556], [124.964444, 11.835556], [124.964722, 11.835278], [124.965, 11.835], [124.965278, 11.834722], [124.965556, 11.834444], [124.965556, 11.834167], [124.965556, 11.833889], [124.965556, 11.833611], [124.965833, 11.833333], [124.965833, 11.833056], [124.965833, 11.832778], [124.965833, 11.8325], [124.965833, 11.832222], [124.966111, 11.831944], [124.966389, 11.831667], [124.966667, 11.831389], [124.966667, 11.831111], [124.966667, 11.830833], [124.966667, 11.830556], [124.966667, 11.830278], [124.966667, 11.83], [124.966667, 11.829722], [124.966944, 11.829444], [124.966944, 11.829167], [124.967222, 11.829167], [124.9675, 11.828889], [124.967778, 11.828611], [124.967778, 11.828333], [124.967778, 11.828056], [124.967778, 11.827778], [124.967778, 11.8275], [124.968056, 11.827222], [124.968056, 11.826944]]}}, {"type": "Feature", "properties": {"strahler": 1, "upstreamAreaKm2": 0.545, "inCatchment": false}, "geometry": {"type": "LineString", "coordinates": [[124.886111, 11.839722], [124.886389, 11.839722], [124.886667, 11.839722], [124.886944, 11.839722], [124.887222, 11.839444], [124.8875, 11.839167], [124.8875, 11.838889], [124.887778, 11.838889], [124.888056, 11.838611], [124.888333, 11.838333], [124.888611, 11.838056], [124.888889, 11.837778], [124.889167, 11.837778], [124.889444, 11.837778], [124.889722, 11.837778], [124.89, 11.837778], [124.890278, 11.837778], [124.890556, 11.837778], [124.890833, 11.837778], [124.891111, 11.837778], [124.891389, 11.837778]]}}, {"type": "Feature", "properties": {"strahler": 1, "upstreamAreaKm2": 0.302, "inCatchment": false}, "geometry": {"type": "LineString", "coordinates": [[124.931389, 11.839722], [124.931667, 11.84], [124.931944, 11.840278], [124.931944, 11.840556], [124.931944, 11.840833], [124.931944, 11.841111], [124.931944, 11.841389], [124.931944, 11.841667], [124.932222, 11.841944], [124.932222, 11.842222], [124.932222, 11.8425], [124.932222, 11.842778], [124.932222, 11.843056], [124.932222, 11.843333], [124.932222, 11.843611], [124.932222, 11.843889], [124.932222, 11.844167], [124.932222, 11.844444], [124.932222, 11.844722], [124.932222, 11.845], [124.932222, 11.845278], [124.932222, 11.845556], [124.932222, 11.845833], [124.932222, 11.846111], [124.932222, 11.846389], [124.932222, 11.846667], [124.932222, 11.846944], [124.932222, 11.847222], [124.932222, 11.8475], [124.932222, 11.847778], [124.932222, 11.848056], [124.932222, 11.848333]]}}, {"type": "Feature", "properties": {"strahler": 1, "upstreamAreaKm2": 0.226, "inCatchment": false}, "geometry": {"type": "LineString", "coordinates": [[124.934444, 11.839722], [124.934444, 11.84], [124.934444, 11.840278], [124.934444, 11.840556], [124.934444, 11.840833], [124.934444, 11.841111], [124.934444, 11.841389], [124.934444, 11.841667], [124.934444, 11.841944], [124.934444, 11.842222], [124.934444, 11.8425], [124.934444, 11.842778], [124.934444, 11.843056], [124.934444, 11.843333], [124.934444, 11.843611], [124.934444, 11.843889], [124.934444, 11.844167], [124.934444, 11.844444], [124.934444, 11.844722], [124.934444, 11.845], [124.934444, 11.845278], [124.934444, 11.845556], [124.934444, 11.845833], [124.934444, 11.846111]]}}, {"type": "Feature", "properties": {"strahler": 2, "upstreamAreaKm2": 3.247, "inCatchment": false}, "geometry": {"type": "LineString", "coordinates": [[124.913333, 11.839444], [124.913333, 11.839722], [124.913333, 11.84], [124.913333, 11.840278], [124.913333, 11.840556], [124.913333, 11.840833], [124.913333, 11.841111], [124.913333, 11.841389], [124.913056, 11.841667], [124.913056, 11.841944], [124.913056, 11.842222], [124.913056, 11.8425], [124.913056, 11.842778]]}}, {"type": "Feature", "properties": {"strahler": 1, "upstreamAreaKm2": 0.406, "inCatchment": false}, "geometry": {"type": "LineString", "coordinates": [[124.877778, 11.838333], [124.877778, 11.838056], [124.877778, 11.837778], [124.877778, 11.8375], [124.877778, 11.837222], [124.877778, 11.836944], [124.877778, 11.836667], [124.877778, 11.836389], [124.877778, 11.836111], [124.877778, 11.835833], [124.877778, 11.835556], [124.8775, 11.835278], [124.8775, 11.835], [124.8775, 11.834722], [124.8775, 11.834444], [124.877222, 11.834167], [124.877222, 11.833889]]}}, {"type": "Feature", "properties": {"strahler": 3, "upstreamAreaKm2": 11.727, "inCatchment": false}, "geometry": {"type": "LineString", "coordinates": [[124.891389, 11.837778], [124.891667, 11.838056], [124.891944, 11.838056], [124.892222, 11.838333], [124.8925, 11.838333], [124.892778, 11.838611], [124.893056, 11.838611], [124.893333, 11.838611], [124.893611, 11.838889], [124.893889, 11.839167], [124.894167, 11.839444], [124.894444, 11.839722], [124.894722, 11.84], [124.895, 11.840278], [124.895278, 11.840556]]}}, {"type": "Feature", "properties": {"strahler": 3, "upstreamAreaKm2": 10.893, "inCatchment": false}, "geometry": {"type": "LineString", "coordinates": [[124.890833, 11.8375], [124.891111, 11.8375], [124.891389, 11.837778]]}}, {"type": "Feature", "properties": {"strahler": 2, "upstreamAreaKm2": 1.576, "inCatchment": false}, "geometry": {"type": "LineString", "coordinates": [[124.941111, 11.836667], [124.940833, 11.836667], [124.940556, 11.836667], [124.940278, 11.836389], [124.94, 11.836111], [124.939722, 11.835833], [124.939444, 11.835833]]}}, {"type": "Feature", "properties": {"strahler": 1, "upstreamAreaKm2": 0.272, "inCatchment": false}, "geometry": {"type": "LineString", "coordinates": [[124.933611, 11.836389], [124.933889, 11.836667], [124.933889, 11.836944], [124.933889, 11.837222], [124.933889, 11.8375], [124.933889, 11.837778], [124.933889, 11.838056], [124.933889, 11.838333], [124.933889, 11.838611], [124.933889, 11.838889], [124.933889, 11.839167], [124.933889, 11.839444], [124.933889, 11.839722], [124.933889, 11.84], [124.933889, 11.840278], [124.933889, 11.840556], [124.933889, 11.840833], [124.933889, 11.841111], [124.933889, 11.841389], [124.933889, 11.841667], [124.933889, 11.841944], [124.933889, 11.842222], [124.933889, 11.8425], [124.933889, 11.842778], [124.933889, 11.843056], [124.933889, 11.843333], [124.933889, 11.843611], [124.933889, 11.843889], [124.933889, 11.844167], [124.933889, 11.844444], [124.933889, 11.844722], [124.933889, 11.845], [124.933889, 11.845278], [124.933889, 11.845556], [124.933889, 11.845833], [124.933889, 11.846111], [124.933889, 11.846389], [124.933889, 11.846667]]}}, {"type": "Feature", "properties": {"strahler": 1, "upstreamAreaKm2": 0.252, "inCatchment": false}, "geometry": {"type": "LineString", "coordinates": [[124.922222, 11.836111], [124.921944, 11.835833], [124.921667, 11.835556], [124.921389, 11.835556], [124.921111, 11.835556], [124.920833, 11.835556], [124.920556, 11.835556], [124.920278, 11.835556], [124.92, 11.835556], [124.919722, 11.835556], [124.919444, 11.835556], [124.919167, 11.835556], [124.918889, 11.835556], [124.918611, 11.835556], [124.918333, 11.835556], [124.918056, 11.835556], [124.917778, 11.835556], [124.9175, 11.835556], [124.917222, 11.835556], [124.916944, 11.835556]]}}, {"type": "Feature", "properties": {"strahler": 2, "upstreamAreaKm2": 3.553, "inCatchment": false}, "geometry": {"type": "LineString", "coordinates": [[124.939444, 11.835833], [124.939167, 11.836111], [124.938889, 11.836389], [124.938889, 11.836667], [124.938611, 11.836944], [124.938333, 11.837222], [124.938333, 11.8375], [124.938333, 11.837778], [124.938333, 11.838056], [124.938333, 11.838333], [124.938333, 11.838611], [124.938333, 11.838889], [124.938333, 11.839167], [124.938333, 11.839444], [124.938333, 11.839722], [124.938333, 11.84], [124.938333, 11.840278], [124.938333, 11.840556], [124.938333, 11.840833], [124.938333, 11.841111], [124.938333, 11.841389], [124.938333, 11.841667], [124.938333, 11.841944], [124.938333, 11.842222], [124.938056, 11.8425], [124.937778, 11.842778], [124.9375, 11.843056], [124.937222, 11.843333], [124.936944, 11.843611], [124.936667, 11.843889], [124.936389, 11.844167], [124.936111, 11.844444], [124.935833, 11.844722], [124.935556, 11.845], [124.935278, 11.845278], [124.935, 11.845556], [124.934722, 11.845833], [124.934444, 11.846111]]}}, {"type": "Feature", "properties": {"strahler": 2, "upstreamAreaKm2": 2.348, "inCatchment": false}, "geometry": {"type": "LineString", "coordinates": [[124.916944, 11.835556], [124.916667, 11.835833], [124.916389, 11.836111], [124.916111, 11.836389], [124.915833, 11.836667], [124.915556, 11.836944], [124.915278, 11.837222], [124.915, 11.8375], [124.914722, 11.837778], [124.914444, 11.838056], [124.914167, 11.838333], [124.913889, 11.838611], [124.913611, 11.838611], [124.913611, 11.838889], [124.913611, 11.839167], [124.913333, 11.839444]]}}, {"type": "Feature", "properties": {"strahler": 2, "upstreamAreaKm2": 1.779, "inCatchment": false}, "geometry": {"type": "LineString", "coordinates": [[124.874722, 11.834167], [124.875, 11.834167], [124.875278, 11.833889], [124.875556, 11.833889], [124.875833, 11.833889], [124.876111, 11.833889], [124.876389, 11.833889], [124.876667, 11.833889], [124.876944, 11.833889], [124.877222, 11.833889]]}}, {"type": "Feature", "properties": {"strahler": 2, "upstreamAreaKm2": 2.218, "inCatchment": false}, "geometry": {"type": "LineString", "coordinates": [[124.877222, 11.833889], [124.8775, 11.833611], [124.877778, 11.833611], [124.878056, 11.833611], [124.878333, 11.833333], [124.878611, 11.833333], [124.878889, 11.833333]]}}, {"type": "Feature", "properties": {"strahler": 2, "upstreamAreaKm2": 1.359, "inCatchment": false}, "geometry": {"type": "LineString", "coordinates": [[124.899722, 11.833889], [124.899444, 11.834167], [124.899167, 11.834167], [124.898889, 11.834444], [124.898611, 11.834444], [124.898333, 11.834444], [124.898056, 11.834444], [124.897778, 11.834444], [124.8975, 11.834722], [124.897222, 11.834722], [124.896944, 11.835], [124.896667, 11.835278], [124.896389, 11.835278], [124.896389, 11.835556], [124.896111, 11.835833], [124.895833, 11.836111], [124.895833, 11.836389], [124.895833, 11.836667], [124.895833, 11.836944], [124.895833, 11.837222], [124.895833, 11.8375], [124.895833, 11.837778], [124.895833, 11.838056], [124.895556, 11.838333], [124.895556, 11.838611], [124.895556, 11.838889], [124.895556, 11.839167], [124.895556, 11.839444], [124.895278, 11.839722], [124.895278, 11.84], [124.895278, 11.840278], [124.895278, 11.840556]]}}, {"type": "Feature", "properties": {"strahler": 3, "upstreamAreaKm2": 10.423, "inCatchment": false}, "geometry": {"type": "LineString", "coordinates": [[124.886667, 11.833611], [124.886667, 11.833889], [124.886667, 11.834167], [124.886667, 11.834444], [124.886667, 11.834722], [124.886944, 11.835], [124.886944, 11.835278], [124.886944, 11.835556], [124.886944, 11.835833], [124.887222, 11.836111], [124.8875, 11.836389], [124.887778, 11.836667], [124.888056, 11.836944], [124.888333, 11.837222], [124.888611, 11.837222], [124.888889, 11.8375], [124.889167, 11.8375], [124.889444, 11.8375], [124.889722, 11.8375], [124.89, 11.8375], [124.890278, 11.8375], [124.890556, 11.8375], [124.890833, 11.8375]]}}, {"type": "Feature", "properties": {"strahler": 1, "upstreamAreaKm2": 0.317, "inCatchment": false}, "geometry": {"type": "LineString", "coordinates": [[124.901667, 11.833611], [124.901389, 11.833611], [124.901111, 11.833611], [124.900833, 11.833611], [124.900556, 11.833611], [124.900278, 11.833611], [124.9, 11.833889], [124.899722, 11.833889]]}}, {"type": "Feature", "properties": {"strahler": 3, "upstreamAreaKm2": 9.071, "inCatchment": false}, "geometry": {"type": "LineString", "coordinates": [[124.878889, 11.833333], [124.879167, 11.833333], [124.879444, 11.833333], [124.879722, 11.833611], [124.88, 11.833611], [124.880278, 11.833611], [124.880556, 11.833611], [124.880833, 11.833611], [124.881111, 11.833611], [124.881389, 11.833611], [124.881667, 11.833611], [124.881944, 11.833333], [124.882222, 11.833333], [124.8825, 11.833333], [124.882778, 11.833056], [124.883056, 11.832778], [124.883333, 11.832778], [124.883611, 11.832778], [124.883889, 11.832778], [124.884167, 11.8325], [124.884444, 11.8325], [124.884722, 11.8325], [124.885, 11.8325], [124.885278, 11.8325], [124.885556, 11.832778], [124.885833, 11.832778], [124.886111, 11.833056], [124.886389, 11.833333], [124.886667, 11.833611]]}}, {"type": "Feature", "properties": {"strahler": 1, "upstreamAreaKm2": 0.462, "inCatchment": false}, "geometry": {"type": "LineString", "coordinates": [[124.892778, 11.833333], [124.8925, 11.833333], [124.892222, 11.833333], [124.891944, 11.833611], [124.891667, 11.833611], [124.891389, 11.833889], [124.891111, 11.834167], [124.890833, 11.834444], [124.890556, 11.834722], [124.890278, 11.835], [124.890278, 11.835278], [124.89, 11.835556], [124.89, 11.835833], [124.89, 11.836111], [124.89, 11.836389], [124.89, 11.836667], [124.89, 11.836944], [124.890278, 11.837222], [124.890556, 11.837222], [124.890833, 11.8375]]}}, {"type": "Feature", "properties": {"strahler": 1, "upstreamAreaKm2": 0.745, "inCatchment": false}, "geometry": {"type": "LineString", "coordinates": [[124.91, 11.833333], [124.91, 11.833611], [124.910278, 11.833889], [124.910278, 11.834167], [124.910556, 11.834444], [124.910556, 11.834722], [124.910556, 11.835], [124.910556, 11.835278], [124.910833, 11.835556], [124.910833, 11.835833], [124.910833, 11.836111], [124.911111, 11.836111], [124.911111, 11.836389], [124.911389, 11.836667], [124.911389, 11.836944], [124.911667, 11.837222], [124.911944, 11.8375], [124.912222, 11.837778], [124.9125, 11.838056], [124.912778, 11.838333], [124.913056, 11.838611], [124.913333, 11.838889], [124.913333, 11.839167], [124.913333, 11.839444]]}}, {"type": "Feature", "properties": {"strahler": 1, "upstreamAreaKm2": 0.493, "inCatchment": false}, "geometry": {"type": "LineString", "coordinates": [[124.926944, 11.833333], [124.926667, 11.833333], [124.926389, 11.833333], [124.926111, 11.833333], [124.925833, 11.833333], [124.925556, 11.833611], [124.925278, 11.833611], [124.925, 11.833611], [124.924722, 11.833333], [124.924444, 11.833333], [124.924167, 11.833333], [124.923889, 11.833333], [124.923611, 11.833333], [124.923333, 11.833333], [124.923056, 11.833611], [124.922778, 11.833611], [124.9225, 11.833333], [124.922222, 11.833333], [124.921944, 11.833056], [124.921667, 11.832778], [124.921389, 11.832778], [124.921111, 11.832778], [124.920833, 11.8325], [124.920556, 11.8325], [124.920278, 11.8325], [124.92, 11.8325]]}}, {"type": "Feature", "properties": {"strahler": 2, "upstreamAreaKm2": 1.205, "inCatchment": false}, "geometry": {"type": "LineString", "coordinates": [[124.92, 11.8325], [124.919722, 11.832778], [124.919444, 11.833056], [124.919167, 11.833333], [124.918889, 11.833611], [124.918611, 11.833889], [124.918333, 11.834167], [124.918056, 11.834444], [124.917778, 11.834722], [124.9175, 11.835], [124.917222, 11.835278], [124.916944, 11.835556]]}}, {"type": "Feature", "properties": {"strahler": 1, "upstreamAreaKm2": 0.82, "inCatchment": false}, "geometry": {"type": "LineString", "coordinates": [[124.946944, 11.832222], [124.947222, 11.8325], [124.9475, 11.832778], [124.947778, 11.833056], [124.948056, 11.833333], [124.948056, 11.833611], [124.948056, 11.833889], [124.947778, 11.834167], [124.9475, 11.834444], [124.947222, 11.834722], [124.946944, 11.834722], [124.946667, 11.834722], [124.946389, 11.835], [124.946111, 11.835278], [124.946111, 11.835556], [124.945833, 11.835556], [124.945556, 11.835556], [124.945278, 11.835556], [124.945, 11.835556], [124.944722, 11.835556], [124.944444, 11.835556], [124.944167, 11.835556], [124.943889, 11.835833], [124.943889, 11.836111], [124.943889, 11.836389], [124.943889, 11.836667], [124.943611, 11.836667], [124.943333, 11.836667], [124.943056, 11.836667], [124.942778, 11.836667], [124.9425, 11.836389], [124.942222, 11.836389], [124.941944, 11.836667], [124.941667, 11.836667], [124.941389, 11.836667], [124.941111, 11.836667]]}}, {"type": "Feature", "properties": {"strahler": 1, "upstreamAreaKm2": 0.261, "inCatchment": false}, "geometry": {"type": "LineString", "coordinates": [[124.920833, 11.831944], [124.920556, 11.831944], [124.920278, 11.832222], [124.92, 11.8325]]}}, {"type": "Feature", "properties": {"strahler": 1, "upstreamAreaKm2": 0.933, "inCatchment": false}, "geometry": {"type": "LineString", "coordinates": [[124.954167, 11.831111], [124.954444, 11.830833], [124.954722, 11.830833], [124.955, 11.830833], [124.955278, 11.830556], [124.955556, 11.830833], [124.955833, 11.830833], [124.956111, 11.830833], [124.956389, 11.830833], [124.956667, 11.830833], [124.956944, 11.830833], [124.957222, 11.830833], [124.9575, 11.830833], [124.957778, 11.830833], [124.958056, 11.830833], [124.958333, 11.831111], [124.958611, 11.831389], [124.958889, 11.831389], [124.959167, 11.831389], [124.959444, 11.831667], [124.959722, 11.831667], [124.96, 11.831389], [124.960278, 11.831111], [124.960556, 11.831111], [124.960833, 11.831111], [124.961111, 11.831111], [124.961389, 11.831111], [124.961667, 11.831111], [124.961944, 11.831111], [124.962222, 11.831111], [124.9625, 11.830833], [124.962778, 11.830833], [124.963056, 11.830833], [124.963333, 11.830556], [124.963611, 11.830556], [124.963889, 11.830556], [124.964167, 11.830278], [124.964444, 11.830278], [124.964722, 11.830278], [124.965, 11.83], [124.965278, 11.829722], [124.965556, 11.829444], [124.965833, 11.829167], [124.966111, 11.828889], [124.966389, 11.828611], [124.966667, 11.828333], [124.966944, 11.828056], [124.967222, 11.827778], [124.9675, 11.8275], [124.967778, 11.827222], [124.968056, 11.826944]]}}, {"type": "Feature", "properties": {"strahler": 1, "upstreamAreaKm2": 0.48, "inCatchment": false}, "geometry": {"type": "LineString", "coordinates": [[124.899722, 11.830833], [124.899722, 11.831111], [124.9, 11.831389], [124.9, 11.831667], [124.9, 11.831944], [124.9, 11.832222], [124.9, 11.8325], [124.9, 11.832778], [124.9, 11.833056], [124.9, 11.833333], [124.9, 11.833611], [124.899722, 11.833889]]}}, {"type": "Feature", "properties": {"strahler": 1, "upstreamAreaKm2": 0.525, "inCatchment": true}, "geometry": {"type": "LineString", "coordinates": [[124.929444, 11.827778], [124.929167, 11.8275], [124.928889, 11.827222], [124.928611, 11.827222], [124.928333, 11.827222], [124.928056, 11.827222], [124.927778, 11.826944], [124.9275, 11.826944], [124.927222, 11.826667], [124.927222, 11.826389], [124.927222, 11.826111], [124.926944, 11.825833], [124.926944, 11.825556], [124.926944, 11.825278], [124.926667, 11.825], [124.926667, 11.824722], [124.926389, 11.824444], [124.926667, 11.824167], [124.926667, 11.823889], [124.926389, 11.823611], [124.926667, 11.823333], [124.926667, 11.823056], [124.926667, 11.822778], [124.926667, 11.8225], [124.926944, 11.822222]]}}, {"type": "Feature", "properties": {"strahler": 3, "upstreamAreaKm2": 6.313, "inCatchment": false}, "geometry": {"type": "LineString", "coordinates": [[124.879167, 11.8275], [124.879167, 11.827778], [124.879167, 11.828056], [124.879167, 11.828333], [124.879167, 11.828611], [124.879167, 11.828889], [124.879167, 11.829167], [124.879167, 11.829444], [124.879444, 11.829722], [124.879444, 11.83], [124.879444, 11.830278], [124.879722, 11.830556], [124.879722, 11.830833], [124.879444, 11.831111], [124.879444, 11.831389], [124.879444, 11.831667], [124.879167, 11.831944], [124.878889, 11.832222], [124.878889, 11.8325], [124.878611, 11.832778], [124.878889, 11.833056], [124.878889, 11.833333]]}}, {"type": "Feature", "properties": {"strahler": 1, "upstreamAreaKm2": 0.351, "inCatchment": true}, "geometry": {"type": "LineString", "coordinates": [[124.914722, 11.826944], [124.914444, 11.826667], [124.914444, 11.826389], [124.914167, 11.826111], [124.913889, 11.825833], [124.913889, 11.825556]]}}, {"type": "Feature", "properties": {"strahler": 1, "upstreamAreaKm2": 0.737, "inCatchment": false}, "geometry": {"type": "LineString", "coordinates": [[124.948611, 11.826111], [124.948889, 11.826389], [124.949167, 11.826389], [124.949444, 11.826111], [124.949722, 11.826111], [124.95, 11.826111], [124.950278, 11.826111], [124.950556, 11.826111], [124.950833, 11.826111], [124.951111, 11.826111], [124.951111, 11.825833], [124.951389, 11.825556], [124.951667, 11.825278], [124.951944, 11.825], [124.951944, 11.824722], [124.951944, 11.824444], [124.951944, 11.824167], [124.952222, 11.823889], [124.9525, 11.823611], [124.952778, 11.823333], [124.953056, 11.823056], [124.953056, 11.822778], [124.953056, 11.8225], [124.953056, 11.822222], [124.953056, 11.821944], [124.953056, 11.821667], [124.953333, 11.821389], [124.953333, 11.821111], [124.953611, 11.820833], [124.953611, 11.820556]]}}, {"type": "Feature", "properties": {"strahler": 1, "upstreamAreaKm2": 0.805, "inCatchment": true}, "geometry": {"type": "LineString", "coordinates": [[124.906667, 11.825833], [124.906944, 11.825833], [124.907222, 11.825833], [124.9075, 11.825833], [124.907778, 11.826111], [124.908056, 11.825833], [124.908333, 11.825833], [124.908611, 11.825833], [124.908889, 11.825833], [124.909167, 11.825833], [124.909444, 11.825833], [124.909722, 11.825833], [124.91, 11.825833], [124.910278, 11.825833], [124.910556, 11.826111], [124.910833, 11.826111], [124.911111, 11.826111], [124.911389, 11.826111], [124.911667, 11.826111], [124.911944, 11.826111], [124.912222, 11.826111], [124.9125, 11.826111], [124.912778, 11.826111], [124.913056, 11.826111], [124.913333, 11.825833], [124.913611, 11.825833], [124.913889, 11.825556]]}}, {"type": "Feature", "properties": {"strahler": 1, "upstreamAreaKm2": 0.475, "inCatchment": true}, "geometry": {"type": "LineString", "coordinates": [[124.936389, 11.825833], [124.936111, 11.825556], [124.935833, 11.825278], [124.935556, 11.825], [124.935278, 11.824722], [124.935, 11.824444], [124.934722, 11.824167], [124.934444, 11.823889], [124.934167, 11.823611], [124.933889, 11.823333]]}}, {"type": "Feature", "properties": {"strahler": 1, "upstreamAreaKm2": 0.499, "inCatchment": false}, "geometry": {"type": "LineString", "coordinates": [[124.958333, 11.825833], [124.958611, 11.825833], [124.958889, 11.825833], [124.959167, 11.825833], [124.959444, 11.825556], [124.959722, 11.825556], [124.96, 11.825556], [124.960278, 11.825833], [124.960556, 11.826111], [124.960833, 11.826111], [124.961111, 11.826111], [124.961389, 11.826389], [124.961667, 11.826389], [124.961944, 11.826389], [124.962222, 11.826389], [124.9625, 11.826389], [124.962778, 11.826389], [124.963056, 11.826389], [124.963333, 11.826389], [124.963611, 11.826389], [124.963889, 11.826389], [124.964167, 11.826389], [124.964444, 11.826389], [124.964722, 11.826389], [124.965, 11.826389], [124.965278, 11.826389], [124.965556, 11.826389], [124.965833, 11.826389], [124.966111, 11.826389], [124.966389, 11.826111], [124.966667, 11.826111], [124.966944, 11.826111], [124.967222, 11.826111], [124.9675, 11.826111], [124.967778, 11.826111], [124.968056, 11.826111], [124.968333, 11.826111], [124.968611, 11.826111]]}}, {"type": "Feature", "properties": {"strahler": 1, "upstreamAreaKm2": 1.103, "inCatchment": false}, "geometry": {"type": "LineString", "coordinates": [[124.893889, 11.825556], [124.893611, 11.825556], [124.893333, 11.825556], [124.893056, 11.825833], [124.892778, 11.825833], [124.8925, 11.825833], [124.892222, 11.826111], [124.891944, 11.826389], [124.891667, 11.826667], [124.891389, 11.826944], [124.891111, 11.827222], [124.890833, 11.827222], [124.890556, 11.8275], [124.890278, 11.827778], [124.89, 11.827778], [124.889722, 11.828056], [124.889444, 11.828333], [124.889167, 11.828333], [124.888889, 11.828611], [124.888889, 11.828889], [124.888611, 11.829167], [124.888611, 11.829444], [124.888333, 11.829722], [124.888333, 11.83], [124.888333, 11.830278], [124.888056, 11.830556], [124.888056, 11.830833], [124.887778, 11.831111], [124.887778, 11.831389], [124.887778, 11.831667], [124.8875, 11.831944], [124.887222, 11.832222], [124.886944, 11.8325], [124.886667, 11.832778], [124.886667, 11.833056], [124.886667, 11.833333], [124.886667, 11.833611]]}}, {"type": "Feature", "properties": {"strahler": 2, "upstreamAreaKm2": 2.099, "inCatchment": true}, "geometry": {"type": "LineString", "coordinates": [[124.913889, 11.825556], [124.914167, 11.825556], [124.914444, 11.825556], [124.914722, 11.825278], [124.914722, 11.825], [124.914722, 11.824722], [124.914722, 11.824444], [124.914722, 11.824167], [124.914722, 11.823889], [124.914722, 11.823611], [124.914444, 11.823333], [124.914444, 11.823056], [124.914722, 11.822778], [124.914722, 11.8225], [124.914722, 11.822222], [124.914444, 11.821944], [124.914444, 11.821667], [124.914167, 11.821389], [124.913889, 11.821111], [124.913611, 11.820833], [124.913611, 11.820556], [124.913889, 11.820278], [124.913889, 11.82], [124.913889, 11.819722], [124.913611, 11.819444], [124.913333, 11.819444], [124.913056, 11.819167], [124.913056, 11.818889], [124.912778, 11.818611], [124.913056, 11.818333], [124.913333, 11.818056], [124.913333, 11.817778], [124.913611, 11.8175], [124.913611, 11.817222], [124.913333, 11.816944], [124.913333, 11.816667], [124.913056, 11.816389], [124.913056, 11.816111], [124.912778, 11.815833], [124.9125, 11.815556]]}}, {"type": "Feature", "properties": {"strahler": 1, "upstreamAreaKm2": 1.031, "inCatchment": false}, "geometry": {"type": "LineString", "coordinates": [[124.941111, 11.825], [124.940833, 11.825278], [124.940833, 11.825556], [124.941111, 11.825833], [124.941389, 11.826111], [124.941667, 11.826111], [124.941944, 11.826389], [124.941944, 11.826667], [124.941667, 11.826944], [124.941389, 11.827222], [124.941111, 11.8275], [124.941111, 11.827778], [124.941111, 11.828056], [124.941389, 11.828333], [124.941389, 11.828611], [124.941389, 11.828889], [124.941389, 11.829167], [124.941389, 11.829444], [124.941389, 11.829722], [124.941111, 11.829722], [124.940833, 11.829722], [124.940556, 11.83], [124.940278, 11.830278], [124.94, 11.830556], [124.939722, 11.830833], [124.939444, 11.831111], [124.939167, 11.831389], [124.938889, 11.831667], [124.938889, 11.831944], [124.938889, 11.832222], [124.938889, 11.8325], [124.938889, 11.832778], [124.938889, 11.833056], [124.938889, 11.833333], [124.938889, 11.833611], [124.938889, 11.833889], [124.938889, 11.834167], [124.939167, 11.834444], [124.939167, 11.834722], [124.939444, 11.835], [124.939444, 11.835278], [124.939444, 11.835556], [124.939444, 11.835833]]}}, {"type": "Feature", "properties": {"strahler": 3, "upstreamAreaKm2": 4.918, "inCatchment": false}, "geometry": {"type": "LineString", "coordinates": [[124.880833, 11.824167], [124.880833, 11.824444], [124.880833, 11.824722], [124.880833, 11.825], [124.880556, 11.825278], [124.880556, 11.825556], [124.880278, 11.825833], [124.88, 11.826111], [124.879722, 11.826389], [124.879444, 11.826667], [124.879444, 11.826944], [124.879444, 11.827222], [124.879167, 11.8275]]}}, {"type": "Feature", "properties": {"strahler": 2, "upstreamAreaKm2": 1.524, "inCatchment": true}, "geometry": {"type": "LineString", "coordinates": [[124.933889, 11.823333], [124.933611, 11.823056], [124.933333, 11.822778], [124.933333, 11.8225], [124.933333, 11.822222], [124.933333, 11.821944], [124.933333, 11.821667], [124.933333, 11.821389], [124.933333, 11.821111], [124.933333, 11.820833], [124.933056, 11.820556], [124.932778, 11.820278], [124.9325, 11.820278], [124.932222, 11.820278], [124.931944, 11.820278], [124.931667, 11.820278], [124.931389, 11.820278], [124.931111, 11.820278], [124.930833, 11.820278], [124.930556, 11.820278], [124.930278, 11.820278], [124.93, 11.82], [124.929722, 11.819722], [124.929722, 11.819444], [124.929722, 11.819167], [124.93, 11.818889], [124.93, 11.818611], [124.93, 11.818333], [124.93, 11.818056], [124.93, 11.817778], [124.929722, 11.817778], [124.929444, 11.8175], [124.929167, 11.817222], [124.928889, 11.816944]]}}, {"type": "Feature", "properties": {"strahler": 1, "upstreamAreaKm2": 0.583, "inCatchment": true}, "geometry": {"type": "LineString", "coordinates": [[124.902222, 11.822778], [124.9025, 11.8225], [124.902778, 11.822222], [124.902778, 11.821944], [124.903056, 11.821667], [124.903056, 11.821389], [124.903333, 11.821111], [124.903333, 11.820833], [124.903611, 11.820556], [124.903611, 11.820278], [124.903889, 11.82], [124.904167, 11.819722], [124.904167, 11.819444], [124.904444, 11.819167], [124.904444, 11.818889], [124.904444, 11.818611], [124.904444, 11.818333], [124.904444, 11.818056], [124.904444, 11.817778]]}}, {"type": "Feature", "properties": {"strahler": 1, "upstreamAreaKm2": 0.224, "inCatchment": true}, "geometry": {"type": "LineString", "coordinates": [[124.926944, 11.822778], [124.926944, 11.8225], [124.926944, 11.822222]]}}, {"type": "Feature", "properties": {"strahler": 3, "upstreamAreaKm2": 3.878, "inCatchment": false}, "geometry": {"type": "LineString", "coordinates": [[124.881389, 11.822222], [124.881111, 11.8225], [124.881111, 11.822778], [124.881111, 11.823056], [124.880833, 11.823333], [124.880833, 11.823611], [124.880833, 11.823889], [124.880833, 11.824167]]}}, {"type": "Feature", "properties": {"strahler": 2, "upstreamAreaKm2": 1.312, "inCatchment": true}, "geometry": {"type": "LineString", "coordinates": [[124.926944, 11.822222], [124.926667, 11.821944], [124.926389, 11.821667], [124.926111, 11.821944], [124.925833, 11.821944], [124.925556, 11.821944], [124.925278, 11.821667], [124.925, 11.821667], [124.924722, 11.821667], [124.924444, 11.821667], [124.924167, 11.821667], [124.923889, 11.821389], [124.923611, 11.821389], [124.923333, 11.821111], [124.923056, 11.820833], [124.922778, 11.820556], [124.922778, 11.820278], [124.922778, 11.82], [124.922778, 11.819722], [124.922778, 11.819444], [124.922778, 11.819167], [124.923056, 11.819167], [124.923333, 11.818889], [124.923611, 11.818889], [124.923889, 11.818611], [124.924167, 11.818611], [124.924444, 11.818333], [124.924722, 11.818056], [124.924722, 11.817778], [124.924722, 11.8175], [124.924722, 11.817222]]}}, {"type": "Feature", "properties": {"strahler": 1, "upstreamAreaKm2": 1.086, "inCatchment": false}, "geometry": {"type": "LineString", "coordinates": [[124.868056, 11.821944], [124.868333, 11.821944], [124.868611, 11.821944], [124.868889, 11.821944], [124.869167, 11.821944], [124.869444, 11.821944], [124.869722, 11.822222], [124.87, 11.822222], [124.870278, 11.8225], [124.870556, 11.822778], [124.870833, 11.822778], [124.871111, 11.822778], [124.871389, 11.823056], [124.871667, 11.823056], [124.871944, 11.823056], [124.872222, 11.823056], [124.8725, 11.823056], [124.872778, 11.823056], [124.873056, 11.823056], [124.873333, 11.823056], [124.873611, 11.823056], [124.873889, 11.823333], [124.874167, 11.823611], [124.874167, 11.823889], [124.874444, 11.824167], [124.874722, 11.824167], [124.875, 11.824444], [124.875278, 11.824444], [124.875556, 11.824722], [124.875556, 11.825], [124.875833, 11.825278], [124.876111, 11.825556], [124.876389, 11.825833], [124.876667, 11.826111], [124.876944, 11.826111], [124.877222, 11.826111], [124.8775, 11.826389], [124.877778, 11.826667], [124.878056, 11.826667], [124.878333, 11.826944], [124.878611, 11.827222], [124.878889, 11.8275], [124.879167, 11.8275]]}}, {"type": "Feature", "properties": {"strahler": 2, "upstreamAreaKm2": 2.008, "inCatchment": false}, "geometry": {"type": "LineString", "coordinates": [[124.886389, 11.820833], [124.886111, 11.821111], [124.886111, 11.821389], [124.885833, 11.821667], [124.885556, 11.821944], [124.885278, 11.821944], [124.885, 11.822222], [124.884722, 11.822222], [124.884444, 11.8225], [124.884167, 11.8225], [124.883889, 11.8225], [124.883611, 11.822778], [124.883333, 11.822778], [124.883056, 11.8225], [124.882778, 11.8225], [124.8825, 11.8225], [124.882222, 11.8225], [124.881944, 11.8225], [124.881667, 11.8225], [124.881389, 11.822222]]}}, {"type": "Feature", "properties": {"strahler": 1, "upstreamAreaKm2": 0.208, "inCatchment": false}, "geometry": {"type": "LineString", "coordinates": [[124.888333, 11.820833], [124.888056, 11.820556], [124.887778, 11.820556]]}}, {"type": "Feature", "properties": {"strahler": 1, "upstreamAreaKm2": 0.232, "inCatchment": false}, "geometry": {"type": "LineString", "coordinates": [[124.951389, 11.820833], [124.951667, 11.820833], [124.951944, 11.820833], [124.952222, 11.820833], [124.9525, 11.820833], [124.952778, 11.820833], [124.953056, 11.820556], [124.953333, 11.820556], [124.953611, 11.820556]]}}, {"type": "Feature", "properties": {"strahler": 2, "upstreamAreaKm2": 0.957, "inCatchment": false}, "geometry": {"type": "LineString", "coordinates": [[124.887778, 11.820556], [124.8875, 11.820556], [124.887222, 11.820833], [124.886944, 11.820833], [124.886667, 11.820833], [124.886389, 11.820833]]}}, {"type": "Feature", "properties": {"strahler": 1, "upstreamAreaKm2": 0.598, "inCatchment": true}, "geometry": {"type": "LineString", "coordinates": [[124.939444, 11.820556], [124.939167, 11.820833], [124.938889, 11.821111], [124.938611, 11.821389], [124.938333, 11.821667], [124.938056, 11.821944], [124.937778, 11.821944], [124.9375, 11.821944], [124.937222, 11.821944], [124.936944, 11.822222], [124.936667, 11.8225], [124.936389, 11.822778], [124.936111, 11.822778], [124.935833, 11.8225], [124.935556, 11.822222], [124.935278, 11.822222], [124.935, 11.8225], [124.935, 11.822778], [124.934722, 11.823056], [124.934722, 11.823333], [124.934444, 11.823333], [124.934167, 11.823333], [124.933889, 11.823333]]}}, {"type": "Feature", "properties": {"strahler": 2, "upstreamAreaKm2": 1.751, "inCatchment": false}, "geometry": {"type": "LineString", "coordinates": [[124.953611, 11.820556], [124.953889, 11.820278], [124.953889, 11.82], [124.953889, 11.819722], [124.954167, 11.819444], [124.954444, 11.819167], [124.954722, 11.819167], [124.955, 11.819167], [124.955278, 11.818889], [124.955556, 11.818889], [124.955833, 11.818611], [124.956111, 11.818333], [124.956389, 11.818056], [124.956389, 11.817778], [124.956389, 11.8175], [124.956667, 11.817222], [124.956944, 11.816944], [124.956944, 11.816667], [124.956944, 11.816389], [124.956944, 11.816111], [124.957222, 11.816111], [124.957222, 11.815833], [124.957222, 11.815556], [124.9575, 11.815278], [124.9575, 11.815], [124.957778, 11.814722], [124.958056, 11.814444], [124.958056, 11.814167], [124.958333, 11.814167], [124.958611, 11.814167], [124.958889, 11.814167], [124.959167, 11.814167], [124.959444, 11.814167], [124.959722, 11.814167], [124.96, 11.813889], [124.960278, 11.813611], [124.960556, 11.813333], [124.960556, 11.813056], [124.960556, 11.812778], [124.960833, 11.8125], [124.961111, 11.812222], [124.961111, 11.811944], [124.961389, 11.811667], [124.961667, 11.811389], [124.961944, 11.811111], [124.962222, 11.811111], [124.9625, 11.810833], [124.962778, 11.810833], [124.963056, 11.810556], [124.963333, 11.810556], [124.963611, 11.810556], [124.963611, 11.810278]]}}, {"type": "Feature", "properties": {"strahler": 1, "upstreamAreaKm2": 0.313, "inCatchment": true}, "geometry": {"type": "LineString", "coordinates": [[124.901389, 11.818889], [124.901667, 11.818889], [124.901944, 11.818889], [124.902222, 11.818611], [124.9025, 11.818611], [124.902778, 11.818611], [124.903056, 11.818333], [124.903333, 11.818333], [124.903611, 11.818333], [124.903889, 11.818056], [124.904167, 11.818056], [124.904444, 11.817778]]}}, {"type": "Feature", "properties": {"strahler": 1, "upstreamAreaKm2": 0.409, "inCatchment": false}, "geometry": {"type": "LineString", "coordinates": [[124.947222, 11.818056], [124.9475, 11.817778], [124.947778, 11.8175], [124.948056, 11.817222], [124.948333, 11.816944], [124.948611, 11.816667], [124.948889, 11.816389], [124.949167, 11.816111], [124.949167, 11.815833], [124.949444, 11.815556], [124.949722, 11.815278], [124.949722, 11.815], [124.949444, 11.814722], [124.949444, 11.814444], [124.949722, 11.814167], [124.949722, 11.813889]]}}, {"type": "Feature", "properties": {"strahler": 2, "upstreamAreaKm2": 1.051, "inCatchment": true}, "geometry": {"type": "LineString", "coordinates": [[124.904444, 11.817778], [124.904722, 11.8175], [124.904722, 11.817222], [124.905, 11.816944], [124.905278, 11.816667], [124.905278, 11.816389], [124.905278, 11.816111], [124.905556, 11.815833], [124.905556, 11.815556], [124.905833, 11.815278], [124.905833, 11.815], [124.905833, 11.814722]]}}, {"type": "Feature", "properties": {"strahler": 3, "upstreamAreaKm2": 3.207, "inCatchment": true}, "geometry": {"type": "LineString", "coordinates": [[124.924722, 11.817222], [124.924444, 11.816944], [124.924167, 11.816667], [124.923889, 11.816667], [124.923611, 11.816667]]}}, {"type": "Feature", "properties": {"strahler": 2, "upstreamAreaKm2": 1.85, "inCatchment": true}, "geometry": {"type": "LineString", "coordinates": [[124.928889, 11.816944], [124.928611, 11.816944], [124.928333, 11.816667], [124.928056, 11.816667], [124.927778, 11.816944], [124.9275, 11.817222], [124.927222, 11.817222], [124.926944, 11.816944], [124.926667, 11.816944], [124.926389, 11.816944], [124.926111, 11.816944], [124.925833, 11.816944], [124.925556, 11.817222], [124.925278, 11.817222], [124.925, 11.817222], [124.924722, 11.817222]]}}, {"type": "Feature", "properties": {"strahler": 1, "upstreamAreaKm2": 0.206, "inCatchment": true}, "geometry": {"type": "LineString", "coordinates": [[124.929722, 11.816944], [124.929444, 11.816944], [124.929167, 11.816944], [124.928889, 11.816944]]}}, {"type": "Feature", "properties": {"strahler": 1, "upstreamAreaKm2": 0.789, "inCatchment": false}, "geometry": {"type": "LineString", "coordinates": [[124.873333, 11.816667], [124.873611, 11.816944], [124.873889, 11.817222], [124.874167, 11.817222], [124.874444, 11.8175], [124.874722, 11.817778], [124.875, 11.817778], [124.875278, 11.817778], [124.875556, 11.818056], [124.875833, 11.818056], [124.876111, 11.818333], [124.876389, 11.818611], [124.876667, 11.818889], [124.876667, 11.819167], [124.876667, 11.819444], [124.876667, 11.819722], [124.876944, 11.82], [124.876944, 11.820278], [124.876944, 11.820556], [124.877222, 11.820833], [124.8775, 11.821111], [124.8775, 11.821389], [124.877778, 11.821667], [124.878056, 11.821944], [124.878333, 11.821944], [124.878611, 11.821944], [124.878889, 11.822222], [124.879167, 11.822222], [124.879444, 11.822222], [124.879722, 11.8225], [124.88, 11.8225], [124.880278, 11.822778], [124.880556, 11.823056], [124.880556, 11.823333], [124.880556, 11.823611], [124.880556, 11.823889], [124.880833, 11.824167]]}}, {"type": "Feature", "properties": {"strahler": 3, "upstreamAreaKm2": 4.902, "inCatchment": true}, "geometry": {"type": "LineString", "coordinates": [[124.923611, 11.816667], [124.923333, 11.816667], [124.923056, 11.816667], [124.922778, 11.816389], [124.9225, 11.816111], [124.922222, 11.815833], [124.921944, 11.815833], [124.921667, 11.815833], [124.921389, 11.815833], [124.921111, 11.815833], [124.920833, 11.815833], [124.920556, 11.815833], [124.920278, 11.816111], [124.92, 11.816111], [124.919722, 11.816389], [124.919444, 11.816389], [124.919167, 11.816389], [124.919167, 11.816111], [124.919167, 11.815833], [124.918889, 11.815556], [124.918611, 11.815278], [124.918611, 11.815], [124.918333, 11.814722], [124.918056, 11.814444], [124.917778, 11.814167], [124.917778, 11.813889], [124.917778, 11.813611]]}}, {"type": "Feature", "properties": {"strahler": 1, "upstreamAreaKm2": 0.66, "inCatchment": false}, "geometry": {"type": "LineString", "coordinates": [[124.8975, 11.816389], [124.897778, 11.816389], [124.898056, 11.816111], [124.898333, 11.815833], [124.898611, 11.815556], [124.898889, 11.815556], [124.899167, 11.815278], [124.899444, 11.815], [124.899722, 11.814722], [124.9, 11.814444], [124.900278, 11.814167], [124.900556, 11.813889], [124.900833, 11.813611], [124.901111, 11.813611], [124.901389, 11.813611], [124.901667, 11.813333], [124.901944, 11.813056], [124.902222, 11.812778], [124.902222, 11.8125], [124.9025, 11.8125]]}}, {"type": "Feature", "properties": {"strahler": 3, "upstreamAreaKm2": 7.796, "inCatchment": true}, "geometry": {"type": "LineString", "coordinates": [[124.9125, 11.815556], [124.912222, 11.815556], [124.911944, 11.815278], [124.911667, 11.815278], [124.911389, 11.815], [124.911111, 11.814722], [124.910833, 11.814722], [124.910556, 11.814722], [124.910278, 11.814722], [124.91, 11.814722], [124.909722, 11.814444], [124.909444, 11.814444], [124.909167, 11.814444]]}}, {"type": "Feature", "properties": {"strahler": 2, "upstreamAreaKm2": 1.838, "inCatchment": false}, "geometry": {"type": "LineString", "coordinates": [[124.880556, 11.815278], [124.880556, 11.815556], [124.880556, 11.815833], [124.880556, 11.816111], [124.880556, 11.816389], [124.880833, 11.816667], [124.880833, 11.816944], [124.880833, 11.817222], [124.881111, 11.8175], [124.881111, 11.817778], [124.881111, 11.818056], [124.881111, 11.818333], [124.881111, 11.818611], [124.881111, 11.818889], [124.881111, 11.819167], [124.881111, 11.819444], [124.881111, 11.819722], [124.881389, 11.82], [124.881389, 11.820278], [124.881389, 11.820556], [124.881667, 11.820833], [124.881667, 11.821111], [124.881667, 11.821389], [124.881667, 11.821667], [124.881667, 11.821944], [124.881389, 11.822222]]}}, {"type": "Feature", "properties": {"strahler": 1, "upstreamAreaKm2": 0.716, "inCatchment": false}, "geometry": {"type": "LineString", "coordinates": [[124.891667, 11.815], [124.891667, 11.815278], [124.891667, 11.815556], [124.891389, 11.815833], [124.891389, 11.816111], [124.891389, 11.816389], [124.891389, 11.816667], [124.891389, 11.816944], [124.891389, 11.817222], [124.891111, 11.8175], [124.891111, 11.817778], [124.891111, 11.818056], [124.890833, 11.818333], [124.890833, 11.818611], [124.890556, 11.818889], [124.890278, 11.818889], [124.89, 11.819167], [124.889722, 11.819167], [124.889444, 11.819444], [124.889167, 11.819444], [124.888889, 11.819722], [124.888611, 11.819722], [124.888333, 11.82], [124.888056, 11.820278], [124.887778, 11.820556]]}}, {"type": "Feature", "properties": {"strahler": 3, "upstreamAreaKm2": 9.65, "inCatchment": true}, "geometry": {"type": "LineString", "coordinates": [[124.905833, 11.814722], [124.905556, 11.814722], [124.905278, 11.814444], [124.905, 11.814167], [124.904722, 11.813889], [124.904722, 11.813611], [124.904444, 11.813333], [124.904167, 11.813056], [124.903889, 11.812778], [124.903611, 11.812778], [124.903333, 11.8125], [124.903056, 11.8125], [124.902778, 11.8125], [124.9025, 11.8125]]}}, {"type": "Feature", "properties": {"strahler": 3, "upstreamAreaKm2": 8.404, "inCatchment": true}, "geometry": {"type": "LineString", "coordinates": [[124.909167, 11.814444], [124.908889, 11.814722], [124.908611, 11.815], [124.908333, 11.814722], [124.908056, 11.814722], [124.907778, 11.814722], [124.9075, 11.814722], [124.907222, 11.814722], [124.906944, 11.814722], [124.906667, 11.814722], [124.906389, 11.814722], [124.906111, 11.814722], [124.905833, 11.814722]]}}, {"type": "Feature", "properties": {"strahler": 2, "upstreamAreaKm2": 1.319, "inCatchment": false}, "geometry": {"type": "LineString", "coordinates": [[124.949722, 11.813889], [124.95, 11.813611], [124.950278, 11.813611], [124.950556, 11.813611], [124.950833, 11.813611], [124.950833, 11.813333], [124.951111, 11.813056], [124.951389, 11.813056], [124.951667, 11.812778], [124.951667, 11.8125], [124.951944, 11.812222], [124.951944, 11.811944], [124.952222, 11.811667], [124.9525, 11.811389], [124.9525, 11.811111], [124.9525, 11.810833], [124.952222, 11.810556], [124.952222, 11.810278], [124.9525, 11.81], [124.952778, 11.809722], [124.953056, 11.809444], [124.953333, 11.809167], [124.953333, 11.808889], [124.953611, 11.808611], [124.953611, 11.808333], [124.953889, 11.808056], [124.953889, 11.807778], [124.953611, 11.8075], [124.953611, 11.807222], [124.953611, 11.806944], [124.953611, 11.806667], [124.953611, 11.806389], [124.953889, 11.806111], [124.953889, 11.805833], [124.953889, 11.805556], [124.953611, 11.805278], [124.953611, 11.805]]}}, {"type": "Feature", "properties": {"strahler": 3, "upstreamAreaKm2": 5.56, "inCatchment": true}, "geometry": {"type": "LineString", "coordinates": [[124.917778, 11.813611], [124.9175, 11.813611], [124.917222, 11.813611], [124.916944, 11.813611], [124.916667, 11.813333], [124.916389, 11.813056], [124.916111, 11.813056], [124.915833, 11.813056], [124.915556, 11.812778], [124.915278, 11.813056], [124.915, 11.813333], [124.915, 11.813611], [124.914722, 11.813611], [124.914444, 11.813611], [124.914167, 11.813611], [124.913889, 11.813333], [124.913611, 11.813611], [124.913611, 11.813889], [124.913611, 11.814167], [124.913333, 11.814444], [124.913333, 11.814722], [124.913611, 11.815], [124.913611, 11.815278], [124.913333, 11.815278], [124.913056, 11.815556], [124.912778, 11.815556], [124.9125, 11.815556]]}}, {"type": "Feature", "properties": {"strahler": 1, "upstreamAreaKm2": 0.256, "inCatchment": true}, "geometry": {"type": "LineString", "coordinates": [[124.919722, 11.813333], [124.919444, 11.813611], [124.919167, 11.813611], [124.918889, 11.813611], [124.918611, 11.813611], [124.918333, 11.813611], [124.918056, 11.813611], [124.917778, 11.813611]]}}, {"type": "Feature", "properties": {"strahler": 1, "upstreamAreaKm2": 0.375, "inCatchment": false}, "geometry": {"type": "LineString", "coordinates": [[124.958056, 11.813333], [124.958333, 11.813056], [124.958333, 11.812778], [124.958611, 11.8125], [124.958889, 11.812222], [124.958889, 11.811944], [124.959167, 11.811667], [124.959167, 11.811389], [124.959444, 11.811111], [124.959722, 11.810833], [124.96, 11.810556], [124.960278, 11.810556], [124.960556, 11.810556], [124.960833, 11.810556], [124.961111, 11.810556], [124.961389, 11.810556], [124.961667, 11.810278], [124.961667, 11.81], [124.961944, 11.81]]}}, {"type": "Feature", "properties": {"strahler": 3, "upstreamAreaKm2": 11.221, "inCatchment": false}, "geometry": {"type": "LineString", "coordinates": [[124.9025, 11.8125], [124.902222, 11.812222], [124.901944, 11.811944], [124.901667, 11.811667], [124.901389, 11.811389], [124.901389, 11.811111], [124.901111, 11.810833], [124.900833, 11.810556], [124.900833, 11.810278], [124.900556, 11.81], [124.900278, 11.809722], [124.900278, 11.809444], [124.9, 11.809167], [124.9, 11.808889], [124.899722, 11.808611], [124.899722, 11.808333], [124.899722, 11.808056], [124.899722, 11.807778], [124.899722, 11.8075], [124.899722, 11.807222], [124.899444, 11.806944], [124.899444, 11.806667], [124.899444, 11.806389], [124.899167, 11.806111], [124.899167, 11.805833], [124.898889, 11.805556], [124.898889, 11.805278], [124.898889, 11.805], [124.898889, 11.804722], [124.898889, 11.804444], [124.898889, 11.804167], [124.898889, 11.803889], [124.898889, 11.803611], [124.898889, 11.803333], [124.898889, 11.803056], [124.898889, 11.802778]]}}, {"type": "Feature", "properties": {"strahler": 1, "upstreamAreaKm2": 1.271, "inCatchment": true}, "geometry": {"type": "LineString", "coordinates": [[124.938611, 11.8125], [124.938333, 11.812222], [124.938056, 11.812222], [124.937778, 11.811944], [124.9375, 11.811667], [124.937222, 11.811389], [124.936944, 11.811389], [124.936667, 11.811389], [124.936389, 11.811389], [124.936111, 11.811389], [124.935833, 11.811389], [124.935556, 11.811389], [124.935278, 11.811111], [124.935, 11.810833], [124.934722, 11.810556], [124.934444, 11.810278], [124.934167, 11.810278], [124.933889, 11.810278], [124.933611, 11.810278], [124.933333, 11.810278], [124.933056, 11.810278], [124.932778, 11.810278], [124.9325, 11.810278], [124.932222, 11.810278], [124.931944, 11.810278], [124.931667, 11.810278], [124.931389, 11.810278], [124.931111, 11.810556], [124.930833, 11.810556], [124.930556, 11.810833], [124.930278, 11.810833], [124.93, 11.811111], [124.929722, 11.811389], [124.929444, 11.811667], [124.929167, 11.811944], [124.928889, 11.811944], [124.928611, 11.811944], [124.928333, 11.811944], [124.928056, 11.812222], [124.927778, 11.8125], [124.9275, 11.812778], [124.927222, 11.813056], [124.926944, 11.813333], [124.927222, 11.813611], [124.927222, 11.813889], [124.927222, 11.814167], [124.926944, 11.814444], [124.926944, 11.814722], [124.926667, 11.814722], [124.926389, 11.814722], [124.926111, 11.815], [124.925833, 11.815278], [124.925556, 11.815556], [124.925278, 11.815833], [124.925278, 11.816111], [124.925, 11.816111], [124.924722, 11.816111], [124.924444, 11.816111], [124.924167, 11.816111], [124.924167, 11.816389], [124.923889, 11.816389], [124.923611, 11.816667]]}}, {"type": "Feature", "properties": {"strahler": 1, "upstreamAreaKm2": 0.37, "inCatchment": false}, "geometry": {"type": "LineString", "coordinates": [[124.945278, 11.8125], [124.945556, 11.812778], [124.945833, 11.813056], [124.946111, 11.813056], [124.946389, 11.812778], [124.946667, 11.813056], [124.946944, 11.813333], [124.947222, 11.813333], [124.9475, 11.813611], [124.947778, 11.813889], [124.948056, 11.813889], [124.948333, 11.814167], [124.948611, 11.814167], [124.948889, 11.814167], [124.949167, 11.814167], [124.949444, 11.813889], [124.949722, 11.813889]]}}, {"type": "Feature", "properties": {"strahler": 1, "upstreamAreaKm2": 0.684, "inCatchment": false}, "geometry": {"type": "LineString", "coordinates": [[124.886389, 11.812222], [124.886111, 11.8125], [124.886111, 11.812778], [124.885833, 11.813056], [124.885833, 11.813333], [124.885833, 11.813611], [124.885833, 11.813889], [124.885833, 11.814167], [124.885833, 11.814444], [124.885833, 11.814722], [124.885833, 11.815], [124.885833, 11.815278], [124.885833, 11.815556], [124.885833, 11.815833], [124.885833, 11.816111], [124.886111, 11.816389], [124.886111, 11.816667], [124.886111, 11.816944], [124.886111, 11.817222], [124.886111, 11.8175], [124.886111, 11.817778], [124.886111, 11.818056], [124.886111, 11.818333], [124.885833, 11.818611], [124.885833, 11.818889], [124.885833, 11.819167], [124.885833, 11.819444], [124.885833, 11.819722], [124.885833, 11.82], [124.886111, 11.820278], [124.886389, 11.820556], [124.886389, 11.820833]]}}, {"type": "Feature", "properties": {"strahler": 1, "upstreamAreaKm2": 0.295, "inCatchment": false}, "geometry": {"type": "LineString", "coordinates": [[124.916944, 11.81], [124.916667, 11.81], [124.916389, 11.81], [124.916111, 11.81], [124.915833, 11.809722], [124.915556, 11.809722], [124.915278, 11.809722], [124.915, 11.809444], [124.914722, 11.809167], [124.914444, 11.809167]]}}, {"type": "Feature", "properties": {"strahler": 2, "upstreamAreaKm2": 0.737, "inCatchment": false}, "geometry": {"type": "LineString", "coordinates": [[124.961944, 11.81], [124.962222, 11.810278], [124.9625, 11.810278], [124.962778, 11.810278], [124.963056, 11.810278], [124.963333, 11.810278], [124.963611, 11.810278]]}}, {"type": "Feature", "properties": {"strahler": 1, "upstreamAreaKm2": 0.41, "inCatchment": true}, "geometry": {"type": "LineString", "coordinates": [[124.908333, 11.809722], [124.908333, 11.81], [124.908333, 11.810278], [124.908333, 11.810556], [124.908333, 11.810833], [124.908333, 11.811111], [124.908333, 11.811389], [124.908333, 11.811667], [124.908333, 11.811944], [124.908611, 11.812222], [124.908611, 11.8125], [124.908611, 11.812778], [124.908611, 11.813056], [124.908889, 11.813333], [124.909167, 11.813611], [124.909167, 11.813889], [124.909167, 11.814167], [124.909167, 11.814444]]}}, {"type": "Feature", "properties": {"strahler": 1, "upstreamAreaKm2": 0.667, "inCatchment": false}, "geometry": {"type": "LineString", "coordinates": [[124.880556, 11.809444], [124.880556, 11.809722], [124.880833, 11.81], [124.880833, 11.810278], [124.881111, 11.810556], [124.881389, 11.810833], [124.881667, 11.810833], [124.881944, 11.811111], [124.881944, 11.811389], [124.881944, 11.811667], [124.882222, 11.811944], [124.882222, 11.812222], [124.882222, 11.8125], [124.881944, 11.812778], [124.881944, 11.813056], [124.881944, 11.813333], [124.881667, 11.813611], [124.881389, 11.813889], [124.881389, 11.814167], [124.881111, 11.814444], [124.880833, 11.814722], [124.880556, 11.815], [124.880556, 11.815278]]}}, {"type": "Feature", "properties": {"strahler": 2, "upstreamAreaKm2": 1.111, "inCatchment": false}, "geometry": {"type": "LineString", "coordinates": [[124.914444, 11.809167], [124.914167, 11.809167], [124.913889, 11.809167], [124.913611, 11.808889], [124.913333, 11.808611], [124.913333, 11.808333], [124.913333, 11.808056], [124.913056, 11.808056], [124.912778, 11.807778], [124.912778, 11.8075], [124.912778, 11.807222], [124.912778, 11.806944], [124.912778, 11.806667], [124.912778, 11.806389], [124.913056, 11.806111], [124.913056, 11.805833], [124.913056, 11.805556], [124.913056, 11.805278], [124.913333, 11.805], [124.913333, 11.804722], [124.913333, 11.804444], [124.913611, 11.804167], [124.913611, 11.803889], [124.913889, 11.803611], [124.913889, 11.803333], [124.913889, 11.803056], [124.914167, 11.802778], [124.914167, 11.8025], [124.914167, 11.802222], [124.914444, 11.801944]]}}, {"type": "Feature", "properties": {"strahler": 1, "upstreamAreaKm2": 0.811, "inCatchment": false}, "geometry": {"type": "LineString", "coordinates": [[124.875278, 11.808611], [124.875556, 11.808611], [124.875833, 11.808889], [124.876111, 11.809167], [124.876111, 11.809444], [124.876389, 11.809722], [124.876389, 11.81], [124.876389, 11.810278], [124.876389, 11.810556], [124.876389, 11.810833], [124.876667, 11.811111], [124.876667, 11.811389], [124.876944, 11.811667], [124.876944, 11.811944], [124.876944, 11.812222], [124.876944, 11.8125], [124.877222, 11.812778], [124.877222, 11.813056], [124.8775, 11.813333], [124.877778, 11.813611], [124.878056, 11.813889], [124.878333, 11.813889], [124.878611, 11.814167], [124.878889, 11.814444], [124.879167, 11.814722], [124.879444, 11.814722], [124.879722, 11.815], [124.88, 11.815], [124.880278, 11.815278], [124.880556, 11.815278]]}}, {"type": "Feature", "properties": {"strahler": 1, "upstreamAreaKm2": 0.326, "inCatchment": false}, "geometry": {"type": "LineString", "coordinates": [[124.961111, 11.808056], [124.961111, 11.808333], [124.961111, 11.808611], [124.961389, 11.808889], [124.961389, 11.809167], [124.961389, 11.809444], [124.961667, 11.809722], [124.961944, 11.81]]}}, {"type": "Feature", "properties": {"strahler": 1, "upstreamAreaKm2": 0.246, "inCatchment": false}, "geometry": {"type": "LineString", "coordinates": [[124.915278, 11.807778], [124.915, 11.808056], [124.914722, 11.808333], [124.914722, 11.808611], [124.914722, 11.808889], [124.914444, 11.809167]]}}, {"type": "Feature", "properties": {"strahler": 1, "upstreamAreaKm2": 0.382, "inCatchment": false}, "geometry": {"type": "LineString", "coordinates": [[124.893056, 11.8075], [124.893333, 11.807222], [124.893333, 11.806944], [124.893333, 11.806667], [124.893611, 11.806389], [124.893611, 11.806111], [124.893611, 11.805833], [124.893611, 11.805556], [124.893611, 11.805278], [124.893611, 11.805], [124.893611, 11.804722], [124.893889, 11.804444], [124.894167, 11.804167], [124.894167, 11.803889], [124.894167, 11.803611]]}}, {"type": "Feature", "properties": {"strahler": 1, "upstreamAreaKm2": 0.538, "inCatchment": false}, "geometry": {"type": "LineString", "coordinates": [[124.941944, 11.807222], [124.942222, 11.806944], [124.9425, 11.806667], [124.942778, 11.806389], [124.943056, 11.806111], [124.943333, 11.805833], [124.943611, 11.805556], [124.943889, 11.805278], [124.944167, 11.805], [124.944444, 11.805], [124.944722, 11.805], [124.945, 11.805], [124.945278, 11.804722], [124.945556, 11.804722], [124.945833, 11.804722], [124.946111, 11.804444], [124.946389, 11.804167], [124.946667, 11.803889], [124.946944, 11.803611], [124.947222, 11.803611], [124.9475, 11.803611], [124.947778, 11.803333], [124.948056, 11.803333], [124.948333, 11.803056], [124.948611, 11.803056], [124.948889, 11.803056], [124.949167, 11.803056], [124.949444, 11.803056], [124.949722, 11.803056], [124.95, 11.802778], [124.950278, 11.8025], [124.950556, 11.8025], [124.950833, 11.8025], [124.951111, 11.8025], [124.951389, 11.8025], [124.951667, 11.8025], [124.951944, 11.8025], [124.952222, 11.802222], [124.9525, 11.802222], [124.952778, 11.801944], [124.953056, 11.801944], [124.953333, 11.801944], [124.953611, 11.801944], [124.953889, 11.801944], [124.954167, 11.801944], [124.954444, 11.801944]]}}, {"type": "Feature", "properties": {"strahler": 1, "upstreamAreaKm2": 0.443, "inCatchment": false}, "geometry": {"type": "LineString", "coordinates": [[124.951389, 11.806667], [124.951667, 11.806667], [124.951944, 11.806389], [124.952222, 11.806111], [124.9525, 11.805833], [124.952778, 11.805833], [124.953056, 11.805556], [124.953333, 11.805278], [124.953611, 11.805]]}}, {"type": "Feature", "properties": {"strahler": 1, "upstreamAreaKm2": 0.463, "inCatchment": false}, "geometry": {"type": "LineString", "coordinates": [[124.928889, 11.806389], [124.928611, 11.806111], [124.928333, 11.805833], [124.928333, 11.805556], [124.928056, 11.805278], [124.928056, 11.805], [124.928056, 11.804722], [124.928333, 11.804444], [124.928333, 11.804167], [124.928611, 11.804167], [124.928611, 11.803889], [124.928611, 11.803611], [124.928611, 11.803333], [124.928611, 11.803056], [124.928611, 11.802778], [124.928611, 11.8025], [124.928611, 11.802222], [124.928611, 11.801944], [124.928611, 11.801667]]}}, {"type": "Feature", "properties": {"strahler": 2, "upstreamAreaKm2": 2.02, "inCatchment": false}, "geometry": {"type": "LineString", "coordinates": [[124.953611, 11.805], [124.953889, 11.804722], [124.953889, 11.804444], [124.954167, 11.804167], [124.954167, 11.803889], [124.954167, 11.803611], [124.954167, 11.803333], [124.954444, 11.803056], [124.954167, 11.802778], [124.954167, 11.8025], [124.954444, 11.802222], [124.954444, 11.801944]]}}, {"type": "Feature", "properties": {"strahler": 2, "upstreamAreaKm2": 1.357, "inCatchment": false}, "geometry": {"type": "LineString", "coordinates": [[124.894167, 11.803611], [124.894444, 11.803611], [124.894722, 11.803333], [124.895, 11.803056], [124.895278, 11.803056], [124.895556, 11.803056], [124.895833, 11.802778], [124.896111, 11.802778], [124.896389, 11.8025], [124.896667, 11.8025], [124.896944, 11.8025], [124.897222, 11.8025], [124.8975, 11.802778], [124.897778, 11.802778], [124.898056, 11.802778], [124.898333, 11.802778], [124.898611, 11.802778], [124.898889, 11.802778]]}}, {"type": "Feature", "properties": {"strahler": 1, "upstreamAreaKm2": 0.402, "inCatchment": false}, "geometry": {"type": "LineString", "coordinates": [[124.886389, 11.803333], [124.886667, 11.803056], [124.886667, 11.802778], [124.886944, 11.802778], [124.887222, 11.8025], [124.8875, 11.802222], [124.887778, 11.801944], [124.888056, 11.801944], [124.888333, 11.801944], [124.888611, 11.801944], [124.888889, 11.801944], [124.889167, 11.801944], [124.889444, 11.801944], [124.889722, 11.801944], [124.89, 11.802222], [124.890278, 11.8025], [124.890556, 11.8025], [124.890833, 11.802778], [124.891111, 11.802778], [124.891389, 11.803056]]}}, {"type": "Feature", "properties": {"strahler": 1, "upstreamAreaKm2": 0.206, "inCatchment": false}, "geometry": {"type": "LineString", "coordinates": [[124.890833, 11.803333], [124.891111, 11.803056], [124.891389, 11.803056]]}}, {"type": "Feature", "properties": {"strahler": 2, "upstreamAreaKm2": 0.726, "inCatchment": false}, "geometry": {"type": "LineString", "coordinates": [[124.891389, 11.803056], [124.891667, 11.803056], [124.891944, 11.803056], [124.892222, 11.803056], [124.8925, 11.803056], [124.892778, 11.803056], [124.893056, 11.803333], [124.893333, 11.803333], [124.893611, 11.803333], [124.893889, 11.803333], [124.894167, 11.803611]]}}, {"type": "Feature", "properties": {"strahler": 3, "upstreamAreaKm2": 13.458, "inCatchment": false}, "geometry": {"type": "LineString", "coordinates": [[124.898889, 11.802778], [124.898889, 11.8025], [124.899167, 11.802222], [124.899444, 11.801944], [124.899444, 11.801667], [124.899444, 11.801389], [124.899722, 11.801111], [124.899722, 11.800833], [124.899722, 11.800556], [124.899722, 11.800278], [124.899722, 11.8], [124.899722, 11.799722], [124.899722, 11.799444], [124.899722, 11.799167], [124.899722, 11.798889], [124.899722, 11.798611], [124.899722, 11.798333], [124.899722, 11.798056], [124.899444, 11.798056], [124.899167, 11.797778], [124.898889, 11.7975], [124.898611, 11.797222], [124.898333, 11.796944], [124.898333, 11.796667], [124.898333, 11.796389], [124.898333, 11.796111], [124.898056, 11.795833], [124.898056, 11.795556], [124.897778, 11.795278], [124.8975, 11.795], [124.897222, 11.794722], [124.896944, 11.794444], [124.896944, 11.794167], [124.896944, 11.793889], [124.896667, 11.793611], [124.896389, 11.793611], [124.896111, 11.793333]]}}, {"type": "Feature", "properties": {"strahler": 1, "upstreamAreaKm2": 0.983, "inCatchment": false}, "geometry": {"type": "LineString", "coordinates": [[124.936667, 11.8025], [124.936389, 11.802778], [124.936111, 11.803056], [124.935833, 11.803333], [124.935556, 11.803333], [124.935278, 11.803611], [124.935, 11.803611], [124.934722, 11.803611], [124.934444, 11.803611], [124.934167, 11.803611], [124.933889, 11.803611], [124.933611, 11.803611], [124.933333, 11.803611], [124.933056, 11.803611], [124.932778, 11.803611], [124.9325, 11.803611], [124.932222, 11.803611], [124.931944, 11.803889], [124.931667, 11.803889], [124.931389, 11.804167], [124.931111, 11.804167], [124.930833, 11.803889], [124.930556, 11.803611], [124.930278, 11.803333], [124.93, 11.803056], [124.929722, 11.802778], [124.929444, 11.803056], [124.929167, 11.803056], [124.928889, 11.802778], [124.928889, 11.8025], [124.928889, 11.802222], [124.928889, 11.801944], [124.928611, 11.801667]]}}, {"type": "Feature", "properties": {"strahler": 3, "upstreamAreaKm2": 3.072, "inCatchment": false}, "geometry": {"type": "LineString", "coordinates": [[124.914444, 11.801944], [124.914722, 11.801667], [124.915, 11.801389], [124.915278, 11.801111], [124.915556, 11.800833], [124.915833, 11.800556], [124.916111, 11.800278], [124.916389, 11.8], [124.916667, 11.8], [124.916944, 11.8], [124.917222, 11.8], [124.9175, 11.799722], [124.917778, 11.799722], [124.918056, 11.799722], [124.918333, 11.799722], [124.918611, 11.799722], [124.918889, 11.799444], [124.919167, 11.799444], [124.919444, 11.799444], [124.919722, 11.799444], [124.92, 11.799444], [124.920278, 11.799444], [124.920556, 11.799444], [124.920833, 11.799444]]}}, {"type": "Feature", "properties": {"strahler": 2, "upstreamAreaKm2": 2.634, "inCatchment": false}, "geometry": {"type": "LineString", "coordinates": [[124.954444, 11.801944], [124.954722, 11.801667], [124.954722, 11.801389], [124.955, 11.801389], [124.955278, 11.801389], [124.955556, 11.801111], [124.955833, 11.801111], [124.956111, 11.800833], [124.956389, 11.800833]]}}, {"type": "Feature", "properties": {"strahler": 1, "upstreamAreaKm2": 0.569, "inCatchment": false}, "geometry": {"type": "LineString", "coordinates": [[124.881111, 11.801667], [124.881389, 11.801667], [124.881667, 11.801389], [124.881944, 11.801111], [124.882222, 11.800833], [124.8825, 11.800556], [124.882778, 11.800278], [124.883056, 11.8], [124.883333, 11.799722], [124.883611, 11.799444], [124.883611, 11.799167], [124.883889, 11.798889], [124.884167, 11.798611], [124.884444, 11.798333], [124.884722, 11.798056]]}}, {"type": "Feature", "properties": {"strahler": 2, "upstreamAreaKm2": 1.829, "inCatchment": false}, "geometry": {"type": "LineString", "coordinates": [[124.928611, 11.801667], [124.928333, 11.801389], [124.928333, 11.801111], [124.928333, 11.800833], [124.928333, 11.800556], [124.928333, 11.800278], [124.928056, 11.800278], [124.927778, 11.8], [124.9275, 11.800278], [124.927222, 11.800278], [124.926944, 11.800556], [124.926667, 11.800556], [124.926389, 11.800556], [124.926111, 11.800556], [124.925833, 11.800556], [124.925556, 11.800278], [124.925278, 11.800278], [124.925, 11.800278], [124.924722, 11.800278], [124.924444, 11.800278], [124.924167, 11.800278], [124.923889, 11.8], [124.923611, 11.8], [124.923333, 11.8], [124.923056, 11.8], [124.922778, 11.8], [124.9225, 11.799722], [124.922222, 11.799444], [124.921944, 11.799167], [124.921944, 11.798889], [124.921667, 11.798889], [124.921667, 11.798611]]}}, {"type": "Feature", "properties": {"strahler": 1, "upstreamAreaKm2": 1.342, "inCatchment": false}, "geometry": {"type": "LineString", "coordinates": [[124.943056, 11.801389], [124.943333, 11.801389], [124.943611, 11.801111], [124.943889, 11.801111], [124.944167, 11.800833], [124.944444, 11.800833], [124.944722, 11.800833], [124.945, 11.800556], [124.945278, 11.800278], [124.945556, 11.800278], [124.945833, 11.800278], [124.946111, 11.800278], [124.946389, 11.800278], [124.946667, 11.800278], [124.946944, 11.800278], [124.947222, 11.8], [124.9475, 11.799722], [124.947778, 11.799444], [124.948056, 11.799444], [124.948333, 11.799444], [124.948611, 11.799444], [124.948889, 11.799444], [124.949167, 11.799444], [124.949444, 11.799444], [124.949722, 11.799444], [124.95, 11.799444], [124.950278, 11.799444], [124.950556, 11.799722], [124.950833, 11.799722], [124.951111, 11.799722], [124.951389, 11.799722], [124.951667, 11.799722], [124.951944, 11.8], [124.952222, 11.8], [124.9525, 11.8], [124.952778, 11.8], [124.953056, 11.8], [124.953333, 11.8], [124.953611, 11.8], [124.953889, 11.800278], [124.954167, 11.800278], [124.954444, 11.800556], [124.954722, 11.800556], [124.955, 11.800556], [124.955278, 11.800278], [124.955556, 11.800556], [124.955833, 11.800556], [124.956111, 11.800556], [124.956389, 11.800833]]}}, {"type": "Feature", "properties": {"strahler": 2, "upstreamAreaKm2": 4.507, "inCatchment": false}, "geometry": {"type": "LineString", "coordinates": [[124.956389, 11.800833], [124.956667, 11.801111], [124.956944, 11.801111], [124.957222, 11.801111], [124.9575, 11.801111], [124.957778, 11.801389], [124.957778, 11.801667], [124.957778, 11.801944], [124.958056, 11.802222], [124.958333, 11.8025], [124.958611, 11.8025], [124.958889, 11.8025], [124.959167, 11.802778], [124.959444, 11.803056], [124.959722, 11.803056], [124.96, 11.803333], [124.960278, 11.803611], [124.960556, 11.803611], [124.960833, 11.803611], [124.961111, 11.803611], [124.961389, 11.803611], [124.961667, 11.803611], [124.961944, 11.803611], [124.962222, 11.803333], [124.9625, 11.803333], [124.962778, 11.803333], [124.963056, 11.803056], [124.963333, 11.802778], [124.963611, 11.8025], [124.963889, 11.802778], [124.964167, 11.802778], [124.964444, 11.802778], [124.964444, 11.8025], [124.964722, 11.802222], [124.964722, 11.801944], [124.964722, 11.801667], [124.964722, 11.801389], [124.964722, 11.801111], [124.964722, 11.800833], [124.964722, 11.800556], [124.964722, 11.800278], [124.964722, 11.8], [124.964722, 11.799722]]}}, {"type": "Feature", "properties": {"strahler": 1, "upstreamAreaKm2": 0.375, "inCatchment": false}, "geometry": {"type": "LineString", "coordinates": [[124.919722, 11.800556], [124.92, 11.800278], [124.920278, 11.8], [124.920556, 11.799722], [124.920833, 11.799444]]}}, {"type": "Feature", "properties": {"strahler": 1, "upstreamAreaKm2": 0.499, "inCatchment": false}, "geometry": {"type": "LineString", "coordinates": [[124.876389, 11.799722], [124.876667, 11.799444], [124.876667, 11.799167], [124.876944, 11.798889], [124.877222, 11.798611], [124.8775, 11.798333], [124.877778, 11.798056], [124.878056, 11.797778], [124.878333, 11.7975], [124.878611, 11.797222], [124.878889, 11.796944], [124.878889, 11.796667], [124.879167, 11.796389], [124.879444, 11.796111], [124.879722, 11.795833], [124.88, 11.795556], [124.880278, 11.795278], [124.880556, 11.795278]]}}, {"type": "Feature", "properties": {"strahler": 4, "upstreamAreaKm2": 28.616, "inCatchment": false}, "geometry": {"type": "LineString", "coordinates": [[124.964722, 11.799722], [124.964444, 11.799444], [124.964444, 11.799167], [124.964167, 11.798889], [124.964167, 11.798611], [124.963889, 11.798333], [124.963611, 11.798056], [124.963333, 11.797778], [124.963056, 11.7975], [124.962778, 11.797222], [124.9625, 11.796944], [124.962222, 11.796667], [124.961944, 11.796389], [124.961944, 11.796111], [124.961944, 11.795833], [124.961944, 11.795556], [124.961944, 11.795278], [124.961944, 11.795], [124.961944, 11.794722], [124.961667, 11.794444], [124.961389, 11.794167]]}}, {"type": "Feature", "properties": {"strahler": 3, "upstreamAreaKm2": 3.504, "inCatchment": false}, "geometry": {"type": "LineString", "coordinates": [[124.920833, 11.799444], [124.921111, 11.799167], [124.921389, 11.798889], [124.921667, 11.798611]]}}, {"type": "Feature", "properties": {"strahler": 3, "upstreamAreaKm2": 5.851, "inCatchment": false}, "geometry": {"type": "LineString", "coordinates": [[124.921667, 11.798611], [124.921944, 11.798333], [124.922222, 11.798056], [124.9225, 11.797778], [124.922778, 11.7975], [124.923056, 11.797222], [124.923333, 11.796944], [124.923611, 11.796944], [124.923889, 11.796667]]}}, {"type": "Feature", "properties": {"strahler": 2, "upstreamAreaKm2": 1.605, "inCatchment": false}, "geometry": {"type": "LineString", "coordinates": [[124.909167, 11.798333], [124.909444, 11.798611], [124.909722, 11.798889], [124.909722, 11.799167], [124.909722, 11.799444], [124.909722, 11.799722], [124.909722, 11.8], [124.909722, 11.800278], [124.909444, 11.800556], [124.909444, 11.800833], [124.909167, 11.801111], [124.909167, 11.801389], [124.909167, 11.801667], [124.909444, 11.801944], [124.909722, 11.802222], [124.91, 11.802222], [124.910278, 11.801944], [124.910556, 11.802222], [124.910833, 11.802222], [124.911111, 11.802222], [124.911389, 11.802222], [124.911667, 11.802222], [124.911944, 11.802222], [124.912222, 11.802222], [124.9125, 11.801944], [124.912778, 11.801944], [124.913056, 11.801944], [124.913333, 11.801944], [124.913611, 11.801944], [124.913889, 11.801944], [124.914167, 11.801944], [124.914444, 11.801944]]}}, {"type": "Feature", "properties": {"strahler": 2, "upstreamAreaKm2": 3.05, "inCatchment": false}, "geometry": {"type": "LineString", "coordinates": [[124.884722, 11.798056], [124.885, 11.798056], [124.885278, 11.798056], [124.885556, 11.798056], [124.885833, 11.798056], [124.886111, 11.798056], [124.886389, 11.797778], [124.886667, 11.797778], [124.886944, 11.797778], [124.887222, 11.797778], [124.8875, 11.797778], [124.887778, 11.797778], [124.888056, 11.797778], [124.888333, 11.797778], [124.888611, 11.797778], [124.888889, 11.798056], [124.889167, 11.798056], [124.889444, 11.798056], [124.889722, 11.797778], [124.89, 11.797778], [124.890278, 11.797778], [124.890556, 11.797778], [124.890833, 11.7975], [124.891111, 11.7975], [124.891389, 11.797222], [124.891389, 11.796944], [124.891667, 11.796667], [124.891944, 11.796667], [124.892222, 11.796667], [124.892222, 11.796389], [124.8925, 11.796111], [124.892778, 11.795833], [124.893056, 11.795556], [124.893333, 11.795556], [124.893611, 11.795556], [124.893889, 11.795278], [124.894167, 11.795278], [124.894444, 11.795], [124.894722, 11.795], [124.895, 11.794722], [124.895278, 11.794722], [124.895556, 11.794722], [124.895833, 11.794722], [124.895833, 11.794444], [124.895833, 11.794167], [124.896111, 11.793889], [124.896111, 11.793611], [124.896111, 11.793333]]}}, {"type": "Feature", "properties": {"strahler": 1, "upstreamAreaKm2": 0.202, "inCatchment": false}, "geometry": {"type": "LineString", "coordinates": [[124.909167, 11.798056], [124.909167, 11.798333]]}}, {"type": "Feature", "properties": {"strahler": 1, "upstreamAreaKm2": 0.275, "inCatchment": false}, "geometry": {"type": "LineString", "coordinates": [[124.96, 11.796944], [124.960278, 11.796944], [124.960556, 11.796944], [124.960833, 11.796944], [124.961111, 11.796944], [124.961111, 11.796667], [124.961111, 11.796389], [124.961389, 11.796111], [124.961389, 11.795833], [124.961389, 11.795556], [124.961389, 11.795278], [124.961389, 11.795], [124.961389, 11.794722], [124.961389, 11.794444], [124.961389, 11.794167]]}}, {"type": "Feature", "properties": {"strahler": 3, "upstreamAreaKm2": 9.056, "inCatchment": false}, "geometry": {"type": "LineString", "coordinates": [[124.923889, 11.796667], [124.924167, 11.796667], [124.924444, 11.796667], [124.924722, 11.796667], [124.925, 11.796389], [124.925278, 11.796389], [124.925556, 11.796389], [124.925833, 11.796389], [124.926111, 11.796389], [124.926389, 11.796389], [124.926667, 11.796389], [124.926944, 11.796667], [124.927222, 11.796667], [124.9275, 11.796944], [124.927778, 11.796944], [124.928056, 11.796944], [124.928333, 11.796944], [124.928611, 11.796667], [124.928889, 11.796389], [124.929167, 11.796111], [124.929444, 11.795833]]}}, {"type": "Feature", "properties": {"strahler": 1, "upstreamAreaKm2": 0.224, "inCatchment": false}, "geometry": {"type": "LineString", "coordinates": [[124.931389, 11.796667], [124.931111, 11.796667], [124.930833, 11.796667], [124.930556, 11.796389], [124.930278, 11.796111], [124.93, 11.795833], [124.929722, 11.795833], [124.929444, 11.795833]]}}, {"type": "Feature", "properties": {"strahler": 3, "upstreamAreaKm2": 9.379, "inCatchment": false}, "geometry": {"type": "LineString", "coordinates": [[124.929444, 11.795833], [124.929444, 11.795556], [124.929722, 11.795278], [124.929722, 11.795], [124.929722, 11.794722], [124.929722, 11.794444], [124.929722, 11.794167], [124.929722, 11.793889], [124.929722, 11.793611], [124.93, 11.793333]]}}, {"type": "Feature", "properties": {"strahler": 2, "upstreamAreaKm2": 1.639, "inCatchment": false}, "geometry": {"type": "LineString", "coordinates": [[124.880556, 11.795278], [124.880833, 11.795556], [124.881111, 11.795833], [124.881111, 11.796111], [124.881389, 11.796389], [124.881667, 11.796389], [124.881944, 11.796667], [124.882222, 11.796667], [124.8825, 11.796944], [124.882778, 11.796944], [124.883056, 11.796944], [124.883333, 11.796944], [124.883611, 11.797222], [124.883889, 11.7975], [124.884167, 11.797778], [124.884444, 11.798056], [124.884722, 11.798056]]}}, {"type": "Feature", "properties": {"strahler": 1, "upstreamAreaKm2": 0.406, "inCatchment": false}, "geometry": {"type": "LineString", "coordinates": [[124.9175, 11.795278], [124.917778, 11.795556], [124.918056, 11.795833], [124.918056, 11.796111], [124.918056, 11.796389], [124.918333, 11.796667], [124.918333, 11.796944], [124.918333, 11.797222], [124.918333, 11.7975], [124.918611, 11.797778], [124.918889, 11.798056], [124.919167, 11.798333], [124.919444, 11.798611], [124.919722, 11.798611], [124.92, 11.798611], [124.920278, 11.798611], [124.920556, 11.798611], [124.920833, 11.798611], [124.921111, 11.798611], [124.921389, 11.798611], [124.921667, 11.798611]]}}, {"type": "Feature", "properties": {"strahler": 1, "upstreamAreaKm2": 0.262, "inCatchment": false}, "geometry": {"type": "LineString", "coordinates": [[124.959167, 11.795], [124.959444, 11.795], [124.959722, 11.795278], [124.96, 11.795], [124.960278, 11.795], [124.960278, 11.794722], [124.960278, 11.794444], [124.960278, 11.794167], [124.960556, 11.793889], [124.960833, 11.793611]]}}, {"type": "Feature", "properties": {"strahler": 1, "upstreamAreaKm2": 0.233, "inCatchment": false}, "geometry": {"type": "LineString", "coordinates": [[124.8775, 11.794444], [124.877778, 11.794167], [124.878056, 11.793889], [124.878333, 11.793889], [124.878611, 11.793611]]}}, {"type": "Feature", "properties": {"strahler": 4, "upstreamAreaKm2": 28.931, "inCatchment": false}, "geometry": {"type": "LineString", "coordinates": [[124.961389, 11.794167], [124.961111, 11.793889], [124.960833, 11.793611]]}}, {"type": "Feature", "properties": {"strahler": 2, "upstreamAreaKm2": 0.797, "inCatchment": false}, "geometry": {"type": "LineString", "coordinates": [[124.878611, 11.793611], [124.878889, 11.793611], [124.879167, 11.793611], [124.879444, 11.793889], [124.879722, 11.794167], [124.88, 11.794444], [124.88, 11.794722], [124.880278, 11.795], [124.880556, 11.795278]]}}, {"type": "Feature", "properties": {"strahler": 4, "upstreamAreaKm2": 29.36, "inCatchment": false}, "geometry": {"type": "LineString", "coordinates": [[124.960833, 11.793611], [124.961111, 11.793333], [124.961389, 11.793333], [124.961389, 11.793056], [124.961667, 11.792778], [124.961667, 11.7925], [124.961667, 11.792222]]}}, {"type": "Feature", "properties": {"strahler": 3, "upstreamAreaKm2": 16.625, "inCatchment": false}, "geometry": {"type": "LineString", "coordinates": [[124.896111, 11.793333], [124.896111, 11.793056], [124.895833, 11.792778], [124.895833, 11.7925], [124.895833, 11.792222], [124.895833, 11.791944], [124.895556, 11.791667]]}}, {"type": "Feature", "properties": {"strahler": 3, "upstreamAreaKm2": 10.578, "inCatchment": false}, "geometry": {"type": "LineString", "coordinates": [[124.93, 11.793333], [124.93, 11.793056], [124.93, 11.792778], [124.929722, 11.7925], [124.929722, 11.792222], [124.929444, 11.791944], [124.929444, 11.791667], [124.929444, 11.791389], [124.929444, 11.791111], [124.929444, 11.790833], [124.929722, 11.790556], [124.93, 11.790278], [124.93, 11.79], [124.930278, 11.789722], [124.930278, 11.789444], [124.930556, 11.789167], [124.930556, 11.788889], [124.930556, 11.788611], [124.930833, 11.788333], [124.931111, 11.788056], [124.931111, 11.787778], [124.931389, 11.7875], [124.931667, 11.787222], [124.931667, 11.786944], [124.931667, 11.786667], [124.931667, 11.786389], [124.931667, 11.786111], [124.931667, 11.785833], [124.931667, 11.785556], [124.931944, 11.785278], [124.931944, 11.785], [124.931944, 11.784722], [124.931944, 11.784444], [124.931944, 11.784167], [124.932222, 11.783889], [124.932222, 11.783611]]}}, {"type": "Feature", "properties": {"strahler": 1, "upstreamAreaKm2": 0.254, "inCatchment": false}, "geometry": {"type": "LineString", "coordinates": [[124.931667, 11.793056], [124.931389, 11.793333], [124.931111, 11.793333], [124.930833, 11.793333], [124.930556, 11.793333], [124.930278, 11.793333], [124.93, 11.793333]]}}, {"type": "Feature", "properties": {"strahler": 1, "upstreamAreaKm2": 0.391, "inCatchment": false}, "geometry": {"type": "LineString", "coordinates": [[124.891111, 11.7925], [124.891389, 11.7925], [124.891667, 11.7925], [124.891944, 11.7925], [124.892222, 11.7925], [124.8925, 11.792222], [124.892778, 11.792222], [124.893056, 11.7925], [124.893333, 11.792222], [124.893611, 11.792222], [124.893889, 11.792222], [124.894167, 11.792222], [124.894444, 11.792222], [124.894722, 11.7925], [124.895, 11.7925], [124.895278, 11.792222], [124.895556, 11.791944], [124.895556, 11.791667]]}}, {"type": "Feature", "properties": {"strahler": 1, "upstreamAreaKm2": 0.843, "inCatchment": false}, "geometry": {"type": "LineString", "coordinates": [[124.944444, 11.792222], [124.944167, 11.791944], [124.943889, 11.791944], [124.943611, 11.791667], [124.943333, 11.791389], [124.943056, 11.791389], [124.942778, 11.791389], [124.9425, 11.791389], [124.942222, 11.791111], [124.941944, 11.791111], [124.941667, 11.791111], [124.941389, 11.791111], [124.941111, 11.790833], [124.940833, 11.790556], [124.940556, 11.790556], [124.940278, 11.790556], [124.94, 11.790278], [124.939722, 11.790278], [124.939444, 11.79], [124.939167, 11.79], [124.939167, 11.789722], [124.938889, 11.789722], [124.938611, 11.789444], [124.938611, 11.789167], [124.938611, 11.788889], [124.938611, 11.788611], [124.938889, 11.788333], [124.938889, 11.788056], [124.938889, 11.787778], [124.939167, 11.7875], [124.939444, 11.787222], [124.939722, 11.786944], [124.94, 11.786944], [124.94, 11.786667], [124.94, 11.786389], [124.94, 11.786111], [124.940278, 11.785833], [124.940278, 11.785556]]}}, {"type": "Feature", "properties": {"strahler": 4, "upstreamAreaKm2": 31.514, "inCatchment": false}, "geometry": {"type": "LineString", "coordinates": [[124.961667, 11.792222], [124.961389, 11.791944], [124.961111, 11.791944], [124.961389, 11.791667], [124.961667, 11.791667], [124.961944, 11.791389], [124.961944, 11.791111], [124.961667, 11.790833], [124.961389, 11.790556], [124.961111, 11.790278], [124.960833, 11.79], [124.960556, 11.789722], [124.960278, 11.789444], [124.96, 11.789167], [124.96, 11.788889], [124.96, 11.788611], [124.96, 11.788333], [124.96, 11.788056], [124.960278, 11.787778], [124.960278, 11.7875], [124.960278, 11.787222], [124.960278, 11.786944], [124.960278, 11.786667], [124.960278, 11.786389]]}}, {"type": "Feature", "properties": {"strahler": 1, "upstreamAreaKm2": 0.375, "inCatchment": false}, "geometry": {"type": "LineString", "coordinates": [[124.876944, 11.791944], [124.877222, 11.792222], [124.8775, 11.792222], [124.877778, 11.7925], [124.878056, 11.792778], [124.878056, 11.793056], [124.878333, 11.793056], [124.878333, 11.793333], [124.878611, 11.793611]]}}, {"type": "Feature", "properties": {"strahler": 1, "upstreamAreaKm2": 0.769, "inCatchment": false}, "geometry": {"type": "LineString", "coordinates": [[124.904722, 11.791944], [124.904722, 11.792222], [124.904722, 11.7925], [124.905, 11.792778], [124.905, 11.793056], [124.905, 11.793333], [124.905, 11.793611], [124.905, 11.793889], [124.905278, 11.794167], [124.905278, 11.794444], [124.905278, 11.794722], [124.905278, 11.795], [124.905278, 11.795278], [124.905278, 11.795556], [124.905556, 11.795833], [124.905556, 11.796111], [124.905556, 11.796389], [124.905556, 11.796667], [124.905833, 11.796944], [124.906111, 11.796944], [124.906389, 11.797222], [124.906667, 11.7975], [124.906944, 11.797778], [124.907222, 11.798056], [124.9075, 11.798056], [124.907778, 11.798056], [124.908056, 11.798056], [124.908333, 11.798333], [124.908611, 11.798333], [124.908889, 11.798333], [124.909167, 11.798333]]}}, {"type": "Feature", "properties": {"strahler": 3, "upstreamAreaKm2": 17.229, "inCatchment": false}, "geometry": {"type": "LineString", "coordinates": [[124.895556, 11.791667], [124.895833, 11.791389], [124.895833, 11.791111], [124.895833, 11.790833], [124.895833, 11.790556], [124.895833, 11.790278], [124.895833, 11.79], [124.895833, 11.789722], [124.895833, 11.789444], [124.895833, 11.789167], [124.895833, 11.788889], [124.896111, 11.788889], [124.895833, 11.788611], [124.895556, 11.788333], [124.895278, 11.788056], [124.895, 11.788056], [124.894722, 11.788056], [124.894444, 11.788056]]}}, {"type": "Feature", "properties": {"strahler": 1, "upstreamAreaKm2": 0.293, "inCatchment": false}, "geometry": {"type": "LineString", "coordinates": [[124.911944, 11.791389], [124.912222, 11.791111], [124.912222, 11.790833], [124.912222, 11.790556], [124.9125, 11.790278], [124.9125, 11.79], [124.9125, 11.789722], [124.9125, 11.789444], [124.9125, 11.789167]]}}, {"type": "Feature", "properties": {"strahler": 1, "upstreamAreaKm2": 0.596, "inCatchment": false}, "geometry": {"type": "LineString", "coordinates": [[124.95, 11.791111], [124.95, 11.790833], [124.950278, 11.790556], [124.950278, 11.790278], [124.950556, 11.79], [124.950556, 11.789722], [124.950556, 11.789444], [124.950278, 11.789167], [124.950556, 11.788889], [124.950556, 11.788611], [124.950833, 11.788333], [124.950833, 11.788056], [124.950556, 11.787778], [124.950833, 11.7875], [124.950833, 11.787222], [124.950833, 11.786944], [124.951111, 11.786667], [124.951389, 11.786389], [124.951389, 11.786111], [124.951667, 11.785833], [124.951944, 11.785556], [124.952222, 11.785278], [124.952222, 11.785], [124.952222, 11.784722], [124.952222, 11.784444], [124.952222, 11.784167], [124.952222, 11.783889], [124.951944, 11.783611], [124.951667, 11.783333], [124.951389, 11.783056], [124.951111, 11.783056], [124.950833, 11.782778], [124.950556, 11.782778]]}}, {"type": "Feature", "properties": {"strahler": 2, "upstreamAreaKm2": 0.987, "inCatchment": false}, "geometry": {"type": "LineString", "coordinates": [[124.9125, 11.789167], [124.912778, 11.789167], [124.913056, 11.788889], [124.913333, 11.788889], [124.913611, 11.788611], [124.913889, 11.788333], [124.913889, 11.788056], [124.914167, 11.787778], [124.914444, 11.7875], [124.914444, 11.787222], [124.914722, 11.786944], [124.914722, 11.786667], [124.915, 11.786667], [124.915278, 11.786667], [124.915556, 11.786667], [124.915833, 11.786944], [124.916111, 11.786944], [124.916389, 11.786944], [124.916667, 11.786667], [124.916944, 11.786389], [124.917222, 11.786111], [124.9175, 11.786111]]}}, {"type": "Feature", "properties": {"strahler": 4, "upstreamAreaKm2": 21.422, "inCatchment": false}, "geometry": {"type": "LineString", "coordinates": [[124.894444, 11.788056], [124.894167, 11.788333], [124.893889, 11.788333], [124.893611, 11.788333], [124.893333, 11.788333], [124.893056, 11.788333], [124.892778, 11.788056], [124.8925, 11.787778], [124.892222, 11.7875], [124.892222, 11.787222], [124.892222, 11.786944], [124.892222, 11.786667], [124.892222, 11.786389], [124.891944, 11.786111], [124.891667, 11.785833], [124.891389, 11.785556], [124.891111, 11.785556], [124.890833, 11.785278], [124.890556, 11.785278], [124.890556, 11.785556], [124.890278, 11.785833], [124.89, 11.786111], [124.889722, 11.785833], [124.889444, 11.785833], [124.889167, 11.785833], [124.888889, 11.785833], [124.888611, 11.785833], [124.888333, 11.785556], [124.888056, 11.785278]]}}, {"type": "Feature", "properties": {"strahler": 2, "upstreamAreaKm2": 1.941, "inCatchment": false}, "geometry": {"type": "LineString", "coordinates": [[124.968056, 11.787778], [124.967778, 11.788056], [124.9675, 11.788333], [124.967222, 11.788611], [124.967222, 11.788889], [124.967222, 11.789167], [124.966944, 11.789167], [124.966667, 11.789167], [124.966389, 11.789167], [124.966111, 11.789444], [124.965833, 11.789444], [124.965556, 11.789722], [124.965278, 11.79], [124.965278, 11.790278], [124.965278, 11.790556], [124.965, 11.790556], [124.964722, 11.790833], [124.964444, 11.790833], [124.964167, 11.791111], [124.963889, 11.791389], [124.963611, 11.791389], [124.963333, 11.791667], [124.963056, 11.791944], [124.962778, 11.791944], [124.9625, 11.792222], [124.962222, 11.792222], [124.961944, 11.792222], [124.961667, 11.792222]]}}, {"type": "Feature", "properties": {"strahler": 1, "upstreamAreaKm2": 0.591, "inCatchment": false}, "geometry": {"type": "LineString", "coordinates": [[124.885, 11.786944], [124.885278, 11.786944], [124.885556, 11.786944], [124.885833, 11.786667], [124.886111, 11.786667], [124.886389, 11.786389], [124.886667, 11.786389], [124.886944, 11.786111], [124.887222, 11.785833], [124.8875, 11.785833], [124.887778, 11.785833], [124.887778, 11.785556], [124.888056, 11.785278]]}}, {"type": "Feature", "properties": {"strahler": 1, "upstreamAreaKm2": 0.38, "inCatchment": false}, "geometry": {"type": "LineString", "coordinates": [[124.91, 11.786944], [124.91, 11.787222], [124.91, 11.7875], [124.910278, 11.787778], [124.910556, 11.788056], [124.910833, 11.788333], [124.911111, 11.788611], [124.911389, 11.788889], [124.911667, 11.789167], [124.911944, 11.789167], [124.912222, 11.789167], [124.9125, 11.789167]]}}, {"type": "Feature", "properties": {"strahler": 1, "upstreamAreaKm2": 0.629, "inCatchment": false}, "geometry": {"type": "LineString", "coordinates": [[124.957778, 11.786667], [124.958056, 11.786667], [124.958333, 11.786944], [124.958333, 11.787222], [124.958333, 11.7875], [124.958056, 11.787778], [124.958333, 11.788056], [124.958333, 11.788333], [124.958333, 11.788611], [124.958611, 11.788611], [124.958889, 11.788333], [124.958889, 11.788056], [124.959167, 11.787778], [124.959444, 11.7875], [124.959444, 11.787222], [124.959722, 11.786944], [124.96, 11.786667], [124.960278, 11.786389]]}}, {"type": "Feature", "properties": {"strahler": 1, "upstreamAreaKm2": 0.375, "inCatchment": false}, "geometry": {"type": "LineString", "coordinates": [[124.946944, 11.786389], [124.947222, 11.786389], [124.9475, 11.786111], [124.947778, 11.786111], [124.948056, 11.786111], [124.948333, 11.785833], [124.948611, 11.785833], [124.948889, 11.785556], [124.948889, 11.785278], [124.948889, 11.785], [124.948611, 11.784722], [124.948611, 11.784444], [124.948611, 11.784167], [124.948611, 11.783889], [124.948889, 11.783611], [124.949167, 11.783333], [124.949444, 11.783056], [124.949722, 11.782778], [124.95, 11.782778], [124.950278, 11.782778], [124.950556, 11.782778]]}}, {"type": "Feature", "properties": {"strahler": 4, "upstreamAreaKm2": 33.11, "inCatchment": false}, "geometry": {"type": "LineString", "coordinates": [[124.960278, 11.786389], [124.960556, 11.786111], [124.960833, 11.785833], [124.960833, 11.785556], [124.960833, 11.785278], [124.960556, 11.785], [124.960278, 11.785], [124.96, 11.784722], [124.959722, 11.784444], [124.959444, 11.784167], [124.959167, 11.783889], [124.958889, 11.783611], [124.958611, 11.783333], [124.958333, 11.783056], [124.958056, 11.782778], [124.957778, 11.782778], [124.9575, 11.782778], [124.957222, 11.7825], [124.956944, 11.782222], [124.956667, 11.782222], [124.956389, 11.781944], [124.956111, 11.781667], [124.955833, 11.781667], [124.955556, 11.781667], [124.955278, 11.781389], [124.955, 11.781111], [124.954722, 11.781111], [124.954444, 11.781111], [124.954167, 11.780833], [124.953889, 11.780556], [124.953611, 11.780556], [124.953333, 11.780556], [124.953056, 11.780278], [124.952778, 11.780278], [124.9525, 11.780278], [124.952222, 11.780278], [124.951944, 11.780278], [124.951667, 11.780278], [124.951389, 11.780278], [124.951111, 11.780278], [124.950833, 11.780278], [124.950556, 11.780278]]}}, {"type": "Feature", "properties": {"strahler": 2, "upstreamAreaKm2": 2.811, "inCatchment": false}, "geometry": {"type": "LineString", "coordinates": [[124.9175, 11.786111], [124.917778, 11.786111], [124.918056, 11.786389], [124.918333, 11.786667], [124.918611, 11.786667], [124.918889, 11.786944], [124.919167, 11.786944], [124.919444, 11.787222], [124.919722, 11.787222], [124.92, 11.787222], [124.920278, 11.786944], [124.920556, 11.786944], [124.920833, 11.786944], [124.921111, 11.787222], [124.921389, 11.7875], [124.921389, 11.787778], [124.921389, 11.788056], [124.921389, 11.788333], [124.921389, 11.788611], [124.921389, 11.788889], [124.921667, 11.789167], [124.921667, 11.789444], [124.921944, 11.789722], [124.922222, 11.79], [124.9225, 11.79], [124.922778, 11.79], [124.922778, 11.790278], [124.923056, 11.790556], [124.923056, 11.790833], [124.923056, 11.791111], [124.923056, 11.791389], [124.923056, 11.791667], [124.923056, 11.791944], [124.923056, 11.792222], [124.923056, 11.7925], [124.923056, 11.792778], [124.922778, 11.793056], [124.9225, 11.793333], [124.922222, 11.793333], [124.921944, 11.793333], [124.921944, 11.793611], [124.921667, 11.793889], [124.921389, 11.794167], [124.921111, 11.794444], [124.921111, 11.794722], [124.921111, 11.795], [124.920833, 11.795278], [124.920833, 11.795556], [124.920833, 11.795833], [124.921111, 11.796111], [124.921389, 11.796111], [124.921667, 11.796389], [124.921944, 11.796667], [124.922222, 11.796667], [124.9225, 11.796667], [124.922778, 11.796667], [124.923056, 11.796667], [124.923333, 11.796667], [124.923611, 11.796667], [124.923889, 11.796667]]}}, {"type": "Feature", "properties": {"strahler": 1, "upstreamAreaKm2": 0.396, "inCatchment": false}, "geometry": {"type": "LineString", "coordinates": [[124.941944, 11.786111], [124.941667, 11.785833], [124.941389, 11.785833], [124.941111, 11.785556], [124.940833, 11.785556], [124.940556, 11.785556], [124.940278, 11.785556]]}}, {"type": "Feature", "properties": {"strahler": 1, "upstreamAreaKm2": 0.228, "inCatchment": false}, "geometry": {"type": "LineString", "coordinates": [[124.900556, 11.785833], [124.900556, 11.785556], [124.900278, 11.785278], [124.9, 11.785], [124.899722, 11.785], [124.899444, 11.785], [124.899167, 11.785], [124.898889, 11.785]]}}, {"type": "Feature", "properties": {"strahler": 2, "upstreamAreaKm2": 1.629, "inCatchment": false}, "geometry": {"type": "LineString", "coordinates": [[124.940278, 11.785556], [124.94, 11.785278], [124.939722, 11.785], [124.939444, 11.785], [124.939167, 11.785], [124.938889, 11.785], [124.938611, 11.785], [124.938333, 11.784722], [124.938056, 11.784722], [124.937778, 11.784722], [124.9375, 11.784722], [124.937222, 11.784722], [124.936944, 11.784722], [124.936667, 11.784722], [124.936389, 11.784722], [124.936111, 11.784722], [124.935833, 11.784722], [124.935556, 11.785], [124.935278, 11.785278], [124.935, 11.785278], [124.934722, 11.785556], [124.934444, 11.785278], [124.934167, 11.785278], [124.933889, 11.785], [124.933611, 11.784722], [124.933333, 11.784722], [124.933056, 11.784722], [124.932778, 11.784722], [124.9325, 11.784444], [124.9325, 11.784167], [124.9325, 11.783889], [124.932222, 11.783611]]}}, {"type": "Feature", "properties": {"strahler": 3, "upstreamAreaKm2": 3.577, "inCatchment": false}, "geometry": {"type": "LineString", "coordinates": [[124.898889, 11.785], [124.898611, 11.785278], [124.898333, 11.785556], [124.898056, 11.785833], [124.897778, 11.786111], [124.8975, 11.786389], [124.897222, 11.786667], [124.896944, 11.786667], [124.896944, 11.786944], [124.896944, 11.787222], [124.896667, 11.7875], [124.896389, 11.7875], [124.896111, 11.7875], [124.895833, 11.7875], [124.895556, 11.7875], [124.895278, 11.7875], [124.895, 11.7875], [124.894722, 11.787778], [124.894444, 11.788056]]}}, {"type": "Feature", "properties": {"strahler": 1, "upstreamAreaKm2": 0.76, "inCatchment": false}, "geometry": {"type": "LineString", "coordinates": [[124.910556, 11.780833], [124.910833, 11.780833], [124.911111, 11.780556], [124.911389, 11.780556], [124.911667, 11.780278], [124.911944, 11.780278], [124.912222, 11.780278], [124.9125, 11.780278], [124.912778, 11.780278], [124.913056, 11.780278], [124.913333, 11.780556], [124.913611, 11.780833], [124.913889, 11.780833], [124.914167, 11.780833], [124.914444, 11.780833], [124.914722, 11.781111], [124.915, 11.781389], [124.915278, 11.781667], [124.915278, 11.781944], [124.915278, 11.782222], [124.915278, 11.7825], [124.915556, 11.782778], [124.915833, 11.783056], [124.915833, 11.783333], [124.915833, 11.783611], [124.916111, 11.783889], [124.916389, 11.784167], [124.916389, 11.784444], [124.916667, 11.784444], [124.916667, 11.784722], [124.916944, 11.785], [124.916944, 11.785278], [124.916944, 11.785556], [124.916944, 11.785833], [124.917222, 11.785833], [124.9175, 11.786111]]}}]}